<?xml version="1.0" encoding="UTF-8"?>
<item><pubDate>Sat, 30 Jan 2021 11:06:34 +0100</pubDate><title><![CDATA[歡迎！]]></title><url><![CDATA[index]]></url><meta><![CDATA[getsimple, easy, content management system]]></meta><metad><![CDATA[]]></metad><menu><![CDATA[首頁]]></menu><menuOrder><![CDATA[1]]></menuOrder><menuStatus><![CDATA[Y]]></menuStatus><template><![CDATA[index.php]]></template><parent><![CDATA[]]></parent><content><![CDATA[]]></content><private><![CDATA[]]></private><author><![CDATA[sunny1312]]></author></item>
