<?xml version="1.0" encoding="UTF-8"?>
<item><pubDate>Fri, 05 Feb 2021 10:14:07 +0100</pubDate><title><![CDATA[IT Support]]></title><url><![CDATA[it-support]]></url><meta><![CDATA[]]></meta><metad><![CDATA[]]></metad><menu><![CDATA[IT Support]]></menu><menuOrder><![CDATA[3]]></menuOrder><menuStatus><![CDATA[Y]]></menuStatus><template><![CDATA[template.php]]></template><parent><![CDATA[]]></parent><content><![CDATA[&lt;title&gt;&lt;/title&gt;
&lt;meta name=&quot;Keywords&quot; content=&quot;Top Network,IT Outsourcing,IT Maintenance,IT Support,IT Consultancy,IT外判,IT技術支援,IT顧問服務,IT保養服務,電腦保養&quot;&gt;&lt;meta name=&quot;description&quot; content=&quot;Top Network 專為中小企服務, 查詢熱線:34905223, 服務包括：IT Support | 電腦保養 | IT外判 | IT技術支援 | IT Maintenance | IT Outsourcing | IT Consultancy | IT顧問 | IT支援&quot;&gt;&lt;meta http-equiv=&quot;content-type&quot; content=&quot;text/html;charset=UTF-8&quot; /&gt;&lt;meta http-equiv=&quot;content-language&quot; content=&quot;ZH-hk&quot;&gt;&lt;meta name=&quot;robots&quot; content=&quot;index, follow&quot;&gt;
&lt;link href=&quot;../css/reset.css&quot; rel=&quot;stylesheet&quot; type=&quot;text/css&quot; /&gt;
&lt;link href=&quot;../css/layout.css&quot; rel=&quot;stylesheet&quot; type=&quot;text/css&quot; /&gt;
&lt;link href=&quot;../css/sudo.css&quot; rel=&quot;stylesheet&quot; type=&quot;text/css&quot; /&gt;&lt;!--&lt;link rel=&quot;stylesheet&quot; type=&quot;text/css&quot; href=&quot;../css/jqueryslidemenu.css&quot; /&gt;--&gt;
&lt;link href=&quot;../style.css&quot; rel=&quot;stylesheet&quot; type=&quot;text/css&quot; /&gt;
&lt;link href=&quot;../css/blog.css&quot; rel=&quot;stylesheet&quot; type=&quot;text/css&quot; /&gt;&lt;!-- &lt;link href=&#039;http://fonts.googleapis.com/css?family=Open+Sans:300,400,500,600,700&#039; rel=&#039;stylesheet&#039; type=&#039;text/css&#039; /&gt; --&gt;
&lt;link href=&quot;../js/fancybox/jquery.fancybox-1.3.4.css&quot; media=&quot;screen&quot; rel=&quot;stylesheet&quot; type=&quot;text/css&quot; /&gt;
&lt;link href=&quot;../css/portfolio.css&quot; rel=&quot;stylesheet&quot; type=&quot;text/css&quot; /&gt;
&lt;link href=&quot;../css/quicksand.css&quot; rel=&quot;stylesheet&quot; type=&quot;text/css&quot; /&gt;
&lt;link href=&quot;../css/skin.css&quot; rel=&quot;stylesheet&quot; type=&quot;text/css&quot; /&gt;&lt;!-- Silder --&gt;
&lt;link href=&quot;../css/swiper.min.css&quot; rel=&quot;stylesheet&quot; type=&quot;text/css&quot; /&gt;
&lt;style type=&quot;text/css&quot;&gt;.client-logo-box{
    width: 240px;
    height: 150px;
    max-width:  100%;
     display:  flex;
     align-items: center;
     justify-content:  center;
    }
&lt;/style&gt;
&lt;script type=&quot;text/javascript&quot; src=&quot;../js/jquery.min.js&quot;&gt;&lt;/script&gt;&lt;!--&lt;script type=&quot;text/javascript&quot; src=&quot;../js/jqueryslidemenu.js&quot;&gt;&lt;/script&gt;--&gt;&lt;!--&lt;script type=&quot;text/javascript&quot; src=&quot;../js/jquery.flexslider.js&quot;&gt;&lt;/script&gt;--&gt;&lt;script type=&quot;text/javascript&quot; src=&quot;../js/jquery.sudoSlider.js&quot;&gt;&lt;/script&gt;&lt;script type=&quot;text/javascript&quot; src=&quot;../js/fancybox/jquery.fancybox-1.3.4.js&quot;&gt;&lt;/script&gt;&lt;script src=&quot;../js/jquery-ui-1.10.4.js&quot;&gt;&lt;/script&gt;&lt;script type=&quot;text/javascript&quot; src=&quot;../js/custom.js&quot;&gt;&lt;/script&gt;&lt;!--&lt;script type=&quot;text/javascript&quot; src=&quot;../js/jquerymlmenu.php&quot;&gt;&lt;/script&gt;--&gt;&lt;script type=&quot;text/javascript&quot;&gt;
// FancyBox Document
jQuery(document).ready(function() {
	jQuery(&quot;a[rel=showcases1]&quot;).fancybox({
		&#039;titlePosition&#039;		: &#039;outside&#039;,
		&#039;overlayColor&#039;		: &#039;#000&#039;,
		&#039;overlayOpacity&#039;	: 0.9
	});

	jQuery(&quot;a[rel=service-img]&quot;).fancybox({
		&#039;titlePosition&#039;		: &#039;outside&#039;,
		&#039;overlayColor&#039;		: &#039;#000&#039;,
		&#039;overlayOpacity&#039;	: 0.9
	});	
	
// sudo slider Document
jQuery(document).ready(function($){	
        var sudoSlider = jQuery(&quot;#testimonail&quot;).sudoSlider({
           continuous:true,
		   auto:true,
		   pause:1
        });
});

});
&lt;/script&gt;&lt;!--[if lt IE 9]&gt;
&lt;script src=&quot;http://html5shim.googlecode.com/svn/trunk/html5.js&quot;&gt;&lt;/script&gt;
&lt;![endif]--&gt;&lt;!--[if lt IE 9]&gt;
	&lt;script src=&quot;http://css3-mediaqueries-js.googlecode.com/svn/trunk/css3-mediaqueries.js&quot;&gt;&lt;/script&gt;
&lt;![endif]--&gt;
&lt;p&gt;&lt;a class=&quot;scrollup&quot; href=&quot;#&quot; style=&quot;display: none;&quot;&gt;Scroll&lt;/a&gt;&lt;/p&gt;

&lt;div id=&quot;page_wrap&quot;&gt;&lt;!-- Header Start --&gt;&lt;script&gt;
  (function(i,s,o,g,r,a,m){i[&#039;GoogleAnalyticsObject&#039;]=r;i[r]=i[r]||function(){
  (i[r].q=i[r].q||[]).push(arguments)},i[r].l=1*new Date();a=s.createElement(o),
  m=s.getElementsByTagName(o)[0];a.async=1;a.src=g;m.parentNode.insertBefore(a,m)
  })(window,document,&#039;script&#039;,&#039;//www.google-analytics.com/analytics.js&#039;,&#039;ga&#039;);
  ga(&#039;create&#039;, &#039;UA-75945235-1&#039;, &#039;auto&#039;);
  ga(&#039;require&#039;, &#039;linkid&#039;);
  ga(&#039;require&#039;, &#039;displayfeatures&#039;);
  ga(&#039;set&#039;, &#039;&amp;uid&#039;, &#039;158.132.11.84&#039;);
  ga(&#039;send&#039;, &#039;pageview&#039;);
&lt;/script&gt;&lt;script&gt;(function(w,d,t,r,u){var f,n,i;w[u]=w[u]||[],f=function(){var o={ti:&quot;5200827&quot;};o.q=w[u],w[u]=new UET(o),w[u].push(&quot;pageLoad&quot;)},n=d.createElement(t),n.src=r,n.async=1,n.onload=n.onreadystatechange=function(){var s=this.readyState;s&amp;&amp;s!==&quot;loaded&quot;&amp;&amp;s!==&quot;complete&quot;||(f(),n.onload=n.onreadystatechange=null)},i=d.getElementsByTagName(t)[0],i.parentNode.insertBefore(n,i)})(window,document,&quot;script&quot;,&quot;//bat.bing.com/bat.js&quot;,&quot;uetq&quot;);&lt;/script&gt;&lt;noscript&gt;&lt;img src=&quot;//bat.bing.com/action/0?ti=5200827&amp;Ver=2&quot; height=&quot;0&quot; width=&quot;0&quot; style=&quot;display:none; visibility: hidden;&quot; /&gt;&lt;/noscript&gt;
	&lt;header&gt;&lt;!-- Place logo here --&gt;&lt;!-- Nav ends here --&gt;&lt;/header&gt;
	&lt;!-- Header End --&gt;&lt;!-- Sub Header Start --&gt;

	&lt;div class=&quot;sub_header&quot;&gt;
		&lt;div class=&quot;sub_header_title&quot;&gt;
			&lt;h1&gt;IT Support, IT Outsourcing 及電腦保養&lt;/h1&gt;
		&lt;/div&gt;
	&lt;/div&gt;

	&lt;section class=&quot;tag_line&quot; id=&quot;content&quot;&gt;
	&lt;div class=&quot;one_fourth&quot; id=&quot;sidebar&quot;&gt;&lt;!--
    &lt;div id=&quot;client&quot;&gt;







    &lt;/div&gt;
--&gt;&lt;/div&gt;

	&lt;div class=&quot;three_fourth_last content&quot;&gt;&lt;!-- a title seperator --&gt;
		&lt;h3&gt;&amp;nbsp;&lt;/h3&gt;

		&lt;p&gt;我們的資訊科技支援團隊均擁有技術支援的工作經驗，除了具有專業的資訊科技知識，同時對商業營運有相當深入的瞭解。資訊科技支援團各有不同專長， 他們精通於Windows 和Linux。能為不同類型的客戶(中小企和大型企業) 提供不同的方案，以解決不同問題，所以中小企沒有自己的資訊科技部門，也能擁有相等於大機構的技術支援團隊。&lt;/p&gt;

		&lt;p&gt;&amp;nbsp;&lt;/p&gt;

		&lt;p&gt;&amp;nbsp;&lt;/p&gt;

		&lt;h3&gt;IT Support 計劃詳情&lt;/h3&gt;
		&lt;!--
&lt;h5&gt;Plan A&lt;/h5&gt;
&lt;table border=&quot;0&quot; cellpadding=&quot;5&quot; width=&quot;100%&quot; class=&quot;its-table&quot;&gt;
    &lt;tbody&gt;
        &lt;tr&gt;
            &lt;td align=&quot;left&quot; bgcolor=&quot;#283891&quot; width=&quot;25%&quot;&gt;&lt;span style=&quot;color:#fff&quot;&gt;&lt;/span&gt;&lt;/td&gt;
            &lt;td align=&quot;left&quot; bgcolor=&quot;#283891&quot; width=&quot;15%&quot; style=&quot;text-align: center;&quot;&gt;&lt;span style=&quot;color:#fff&quot;&gt;ITS-A01&lt;/span&gt;&lt;/td&gt;
            &lt;td align=&quot;left&quot; bgcolor=&quot;#283891&quot; width=&quot;15%&quot; style=&quot;text-align: center;&quot;&gt;&lt;span style=&quot;color:#fff&quot;&gt;ITS-A02&lt;/span&gt;&lt;/td&gt;
            &lt;td align=&quot;left&quot; bgcolor=&quot;#283891&quot; width=&quot;15%&quot; style=&quot;text-align: center;&quot;&gt;&lt;span style=&quot;color:#fff&quot;&gt;ITS-A03&lt;/span&gt;&lt;/td&gt;
            &lt;td align=&quot;left&quot; bgcolor=&quot;#283891&quot; width=&quot;15%&quot; style=&quot;text-align: center;&quot;&gt;&lt;span style=&quot;color:#fff&quot;&gt;ITS-A04&lt;/span&gt;&lt;/td&gt;
            &lt;td align=&quot;left&quot; bgcolor=&quot;#283891&quot; width=&quot;15%&quot; style=&quot;text-align: center;&quot;&gt;&lt;span style=&quot;color:#fff&quot;&gt;ITS-A05&lt;/span&gt;&lt;/td&gt;
        &lt;/tr&gt;
        &lt;tr&gt;
            &lt;td align=&quot;left&quot; bgcolor=&quot;#283891&quot;&gt;&lt;span style=&quot;color:#fff&quot;&gt;電腦保養數量&lt;/span&gt;&lt;/td&gt;
            &lt;td align=&quot;left&quot; style=&quot;text-align: center;&quot;&gt;1-5台&lt;/td&gt;
            &lt;td align=&quot;left&quot; style=&quot;text-align: center;&quot;&gt;6-10台&lt;/td&gt;
            &lt;td align=&quot;left&quot; style=&quot;text-align: center;&quot;&gt;11-15台&lt;/td&gt;
            &lt;td align=&quot;left&quot; style=&quot;text-align: center;&quot;&gt;16-20台&lt;/td&gt;
            &lt;td align=&quot;left&quot; style=&quot;text-align: center;&quot;&gt;21-30台&lt;/td&gt;
        &lt;/tr&gt;
        &lt;tr&gt;
            &lt;td align=&quot;left&quot; bgcolor=&quot;#283891&quot;&gt;&lt;span style=&quot;color:#fff&quot;&gt;一年現場支援次數&lt;BR&gt;(不限小時)&lt;/span&gt;&lt;/td&gt;
            &lt;td align=&quot;left&quot; bgcolor=&quot;#EFEFEF&quot; style=&quot;text-align: center;&quot;&gt;6次&lt;/td&gt;
            &lt;td align=&quot;left&quot; bgcolor=&quot;#EFEFEF&quot; style=&quot;text-align: center;&quot;&gt;9次&lt;/td&gt;
            &lt;td align=&quot;left&quot; bgcolor=&quot;#EFEFEF&quot; style=&quot;text-align: center;&quot;&gt;12次&lt;/td&gt;
            &lt;td align=&quot;left&quot; bgcolor=&quot;#EFEFEF&quot; style=&quot;text-align: center;&quot;&gt;18次&lt;/td&gt;
            &lt;td align=&quot;left&quot; bgcolor=&quot;#EFEFEF&quot; style=&quot;text-align: center;&quot;&gt;24次&lt;/td&gt;
        &lt;/tr&gt;
        &lt;tr&gt;
            &lt;td align=&quot;left&quot; bgcolor=&quot;#283891&quot;&gt;&lt;span style=&quot;color:#fff&quot;&gt;電話支援&lt;/span&gt;&lt;/td&gt;
            &lt;td align=&quot;left&quot; style=&quot;text-align: center;&quot;&gt;無限&lt;/td&gt;
            &lt;td align=&quot;left&quot; style=&quot;text-align: center;&quot;&gt;無限&lt;/td&gt;
            &lt;td align=&quot;left&quot; style=&quot;text-align: center;&quot;&gt;無限&lt;/td&gt;
            &lt;td align=&quot;left&quot; style=&quot;text-align: center;&quot;&gt;無限&lt;/td&gt;
            &lt;td align=&quot;left&quot; style=&quot;text-align: center;&quot;&gt;無限&lt;/td&gt;

        &lt;/tr&gt;
        &lt;tr&gt;
            &lt;td align=&quot;left&quot; bgcolor=&quot;#283891&quot;&gt;&lt;span style=&quot;color:#fff&quot;&gt;電郵支援&lt;/span&gt;&lt;/td&gt;
            &lt;td align=&quot;left&quot; bgcolor=&quot;#EFEFEF&quot; style=&quot;text-align: center;&quot;&gt;無限&lt;/td&gt;
            &lt;td align=&quot;left&quot; bgcolor=&quot;#EFEFEF&quot; style=&quot;text-align: center;&quot;&gt;無限&lt;/td&gt;
            &lt;td align=&quot;left&quot; bgcolor=&quot;#EFEFEF&quot; style=&quot;text-align: center;&quot;&gt;無限&lt;/td&gt;
            &lt;td align=&quot;left&quot; bgcolor=&quot;#EFEFEF&quot; style=&quot;text-align: center;&quot;&gt;無限&lt;/td&gt;
            &lt;td align=&quot;left&quot; bgcolor=&quot;#EFEFEF&quot; style=&quot;text-align: center;&quot;&gt;無限&lt;/td&gt;
        &lt;/tr&gt;
        &lt;tr&gt;
            &lt;td align=&quot;left&quot; bgcolor=&quot;#283891&quot;&gt;&lt;span style=&quot;color:#fff&quot;&gt;遠端技術支援&lt;/span&gt;&lt;/td&gt;
            &lt;td align=&quot;left&quot; style=&quot;text-align: center;&quot;&gt;無限&lt;/td&gt;
            &lt;td align=&quot;left&quot; style=&quot;text-align: center;&quot;&gt;無限&lt;/td&gt;
            &lt;td align=&quot;left&quot; style=&quot;text-align: center;&quot;&gt;無限&lt;/td&gt;
            &lt;td align=&quot;left&quot; style=&quot;text-align: center;&quot;&gt;無限&lt;/td&gt;
            &lt;td align=&quot;left&quot; style=&quot;text-align: center;&quot;&gt;無限&lt;/td&gt;
        &lt;/tr&gt;
        &lt;tr&gt;
            &lt;td align=&quot;left&quot; bgcolor=&quot;#283891&quot;&gt;&lt;span style=&quot;color:#fff&quot;&gt;定期資料備份&lt;/span&gt;&lt;/td&gt;
            &lt;td align=&quot;left&quot; bgcolor=&quot;#EFEFEF&quot; style=&quot;text-align: center;&quot;&gt;另議&lt;/td&gt;
            &lt;td align=&quot;left&quot; bgcolor=&quot;#EFEFEF&quot; style=&quot;text-align: center;&quot;&gt;另議&lt;/td&gt;
            &lt;td align=&quot;left&quot; bgcolor=&quot;#EFEFEF&quot; style=&quot;text-align: center;&quot;&gt;另議&lt;/td&gt;
            &lt;td align=&quot;left&quot; bgcolor=&quot;#EFEFEF&quot; style=&quot;text-align: center;&quot;&gt;另議&lt;/td&gt;
            &lt;td align=&quot;left&quot; bgcolor=&quot;#EFEFEF&quot; style=&quot;text-align: center;&quot;&gt;另議&lt;/td&gt;
        &lt;/tr&gt;
        &lt;tr&gt;
            &lt;td align=&quot;left&quot; bgcolor=&quot;#283891&quot;&gt;&lt;span style=&quot;color:#fff&quot;&gt;月費&lt;/span&gt;&lt;/td&gt;
            &lt;td align=&quot;left&quot; style=&quot;text-align: center;&quot;&gt;800&lt;a href=&quot;mailto:sales@topnet.hk?subject=Inquiries for it support Plan ITS-A01&quot;&gt;立即查詢&lt;/a&gt;&lt;/td&gt;
            &lt;td align=&quot;left&quot; style=&quot;text-align: center;&quot;&gt;1000&lt;a href=&quot;mailto:sales@topnet.hk?subject=Inquiries for it support Plan ITS-A02&quot;&gt;立即查詢&lt;/a&gt;&lt;/td&gt;
            &lt;td align=&quot;left&quot; style=&quot;text-align: center;&quot;&gt;1500&lt;a href=&quot;mailto:sales@topnet.hk?subject=Inquiries for it support Plan ITS-A03&quot;&gt;立即查詢&lt;/a&gt;&lt;/td&gt;
            &lt;td align=&quot;left&quot; style=&quot;text-align: center;&quot;&gt;2000&lt;a href=&quot;mailto:sales@topnet.hk?subject=Inquiries for it support Plan ITS-A04&quot;&gt;立即查詢&lt;/a&gt;&lt;/td&gt;
            &lt;td align=&quot;left&quot; style=&quot;text-align: center;&quot;&gt;3000&lt;a href=&quot;mailto:sales@topnet.hk?subject=Inquiries for it support Plan ITS-A05&quot;&gt;立即查詢&lt;/a&gt;&lt;/td&gt;
        &lt;/tr&gt;

        &lt;tr&gt;
            &lt;td align=&quot;left&quot; bgcolor=&quot;#283891&quot;&gt;&lt;span style=&quot;color:#fff&quot;&gt;&lt;/span&gt;&lt;/td&gt;
            &lt;td align=&quot;left&quot; bgcolor=&quot;#EFEFEF&quot; style=&quot;text-align: center;&quot;&gt;&lt;a href=&quot;mailto:sales@topnet.hk?subject=Inquiries for it support Plan ITS-A01&quot;&gt;立即查詢&lt;/a&gt;&lt;/td&gt;
            &lt;td align=&quot;left&quot; bgcolor=&quot;#EFEFEF&quot; style=&quot;text-align: center;&quot;&gt;&lt;a href=&quot;mailto:sales@topnet.hk?subject=Inquiries for it support Plan ITS-A02&quot;&gt;立即查詢&lt;/a&gt;&lt;/td&gt;
            &lt;td align=&quot;left&quot; bgcolor=&quot;#EFEFEF&quot; style=&quot;text-align: center;&quot;&gt;&lt;a href=&quot;mailto:sales@topnet.hk?subject=Inquiries for it support Plan ITS-A03&quot;&gt;立即查詢&lt;/a&gt;&lt;/td&gt;
            &lt;td align=&quot;left&quot; bgcolor=&quot;#EFEFEF&quot; style=&quot;text-align: center;&quot;&gt;&lt;a href=&quot;mailto:sales@topnet.hk?subject=Inquiries for it support Plan ITS-A04&quot;&gt;立即查詢&lt;/a&gt;&lt;/td&gt;
            &lt;td align=&quot;left&quot; bgcolor=&quot;#EFEFEF&quot; style=&quot;text-align: center;&quot;&gt;&lt;a href=&quot;mailto:sales@topnet.hk?subject=Inquiries for it support Plan ITS-A05&quot;&gt;立即查詢&lt;/a&gt;&lt;/td&gt;
        &lt;/tr&gt;

    &lt;/tbody&gt;
&lt;/table&gt;


&lt;BR/&gt;
&lt;p&gt;
備註：&lt;BR&gt;

- 一台伺服器以2台電腦或以上計算, 一切以本公司最終之報價為準&lt;BR&gt;
- 只適用於一個地點，多點支援需另行報價&lt;BR&gt;
- 合約為期一年&lt;BR&gt;

&lt;/p&gt;


&lt;p&gt;&amp;nbsp;&lt;/p&gt;




&lt;h5&gt;Plan B&lt;/h5&gt;
--&gt;

		&lt;table border=&quot;0&quot; cellpadding=&quot;5&quot; class=&quot;its-table&quot; width=&quot;100%&quot;&gt;
			&lt;tbody&gt;
				&lt;tr&gt;
					&lt;td align=&quot;left&quot; bgcolor=&quot;#283891&quot; width=&quot;22%&quot;&gt;&lt;span style=&quot;color:#fff&quot;&gt;&lt;/span&gt;&lt;/td&gt;
					&lt;td align=&quot;left&quot; bgcolor=&quot;#283891&quot; style=&quot;text-align: center;&quot; width=&quot;13%&quot;&gt;&lt;span style=&quot;color:#fff&quot;&gt;ITS-B01&lt;/span&gt;&lt;/td&gt;
					&lt;td align=&quot;left&quot; bgcolor=&quot;#283891&quot; style=&quot;text-align: center;&quot; width=&quot;13%&quot;&gt;&lt;span style=&quot;color:#fff&quot;&gt;ITS-B02&lt;/span&gt;&lt;/td&gt;
					&lt;td align=&quot;left&quot; bgcolor=&quot;#283891&quot; style=&quot;text-align: center;&quot; width=&quot;13%&quot;&gt;&lt;span style=&quot;color:#fff&quot;&gt;ITS-B03&lt;/span&gt;&lt;/td&gt;
					&lt;td align=&quot;left&quot; bgcolor=&quot;#283891&quot; style=&quot;text-align: center;&quot; width=&quot;13%&quot;&gt;&lt;span style=&quot;color:#fff&quot;&gt;ITS-B04&lt;/span&gt;&lt;/td&gt;
					&lt;td align=&quot;left&quot; bgcolor=&quot;#283891&quot; style=&quot;text-align: center;&quot; width=&quot;13%&quot;&gt;&lt;span style=&quot;color:#fff&quot;&gt;ITS-B05&lt;/span&gt;&lt;/td&gt;
					&lt;td align=&quot;left&quot; bgcolor=&quot;#283891&quot; style=&quot;text-align: center;&quot; width=&quot;13%&quot;&gt;&lt;span style=&quot;color:#fff&quot;&gt;ITS-B-S&lt;/span&gt;&lt;/td&gt;
				&lt;/tr&gt;
				&lt;tr&gt;
					&lt;td align=&quot;left&quot; bgcolor=&quot;#283891&quot;&gt;&lt;span style=&quot;color:#fff&quot;&gt;電腦保養數量&lt;/span&gt;&lt;/td&gt;
					&lt;td align=&quot;left&quot; bgcolor=&quot;#EFEFEF&quot; style=&quot;text-align: center;&quot;&gt;1-10台&lt;/td&gt;
					&lt;td align=&quot;left&quot; bgcolor=&quot;#EFEFEF&quot; style=&quot;text-align: center;&quot;&gt;11-20台&lt;/td&gt;
					&lt;td align=&quot;left&quot; bgcolor=&quot;#EFEFEF&quot; style=&quot;text-align: center;&quot;&gt;21-30台&lt;/td&gt;
					&lt;td align=&quot;left&quot; bgcolor=&quot;#EFEFEF&quot; style=&quot;text-align: center;&quot;&gt;31-40台&lt;/td&gt;
					&lt;td align=&quot;left&quot; bgcolor=&quot;#EFEFEF&quot; style=&quot;text-align: center;&quot;&gt;41-50台&lt;/td&gt;
					&lt;td align=&quot;left&quot; bgcolor=&quot;#EFEFEF&quot; style=&quot;text-align: center;&quot;&gt;50台以上&lt;/td&gt;
				&lt;/tr&gt;
				&lt;tr&gt;
					&lt;td align=&quot;left&quot; bgcolor=&quot;#283891&quot;&gt;&lt;span style=&quot;color:#fff&quot;&gt;定期上門檢查&lt;/span&gt;&lt;/td&gt;
					&lt;td align=&quot;left&quot; style=&quot;text-align: center;&quot;&gt;N/A&lt;/td&gt;
					&lt;td align=&quot;left&quot; style=&quot;text-align: center;&quot;&gt;N/A&lt;/td&gt;
					&lt;td align=&quot;left&quot; style=&quot;text-align: center;&quot;&gt;每月1次&lt;/td&gt;
					&lt;td align=&quot;left&quot; style=&quot;text-align: center;&quot;&gt;每月1次&lt;/td&gt;
					&lt;td align=&quot;left&quot; style=&quot;text-align: center;&quot;&gt;每月1次&lt;/td&gt;
					&lt;td align=&quot;left&quot; style=&quot;text-align: center;&quot;&gt;每月1次&lt;/td&gt;
				&lt;/tr&gt;
				&lt;tr&gt;
					&lt;td align=&quot;left&quot; bgcolor=&quot;#283891&quot;&gt;&lt;span style=&quot;color:#fff&quot;&gt;現場支援次數&lt;/span&gt;&lt;/td&gt;
					&lt;td align=&quot;left&quot; bgcolor=&quot;#EFEFEF&quot; style=&quot;text-align: center;&quot;&gt;9次/年&lt;/td&gt;
					&lt;td align=&quot;left&quot; bgcolor=&quot;#EFEFEF&quot; style=&quot;text-align: center;&quot;&gt;12次/年&lt;/td&gt;
					&lt;td align=&quot;left&quot; bgcolor=&quot;#EFEFEF&quot; style=&quot;text-align: center;&quot;&gt;18次/年&lt;/td&gt;
					&lt;td align=&quot;left&quot; bgcolor=&quot;#EFEFEF&quot; style=&quot;text-align: center;&quot;&gt;&lt;strong style=&quot;color: red;&quot;&gt;無限&lt;/strong&gt;&lt;/td&gt;
					&lt;td align=&quot;left&quot; bgcolor=&quot;#EFEFEF&quot; style=&quot;text-align: center;&quot;&gt;&lt;strong style=&quot;color: red;&quot;&gt;無限&lt;/strong&gt;&lt;/td&gt;
					&lt;td align=&quot;left&quot; bgcolor=&quot;#EFEFEF&quot; style=&quot;text-align: center;&quot;&gt;&lt;strong style=&quot;color: red;&quot;&gt;無限&lt;/strong&gt;&lt;/td&gt;
				&lt;/tr&gt;
				&lt;tr&gt;
					&lt;td align=&quot;left&quot; bgcolor=&quot;#283891&quot;&gt;&lt;span style=&quot;color:#fff&quot;&gt;電話支援&lt;/span&gt;&lt;/td&gt;
					&lt;td align=&quot;left&quot; style=&quot;text-align: center;&quot;&gt;無限&lt;/td&gt;
					&lt;td align=&quot;left&quot; style=&quot;text-align: center;&quot;&gt;無限&lt;/td&gt;
					&lt;td align=&quot;left&quot; style=&quot;text-align: center;&quot;&gt;無限&lt;/td&gt;
					&lt;td align=&quot;left&quot; style=&quot;text-align: center;&quot;&gt;無限&lt;/td&gt;
					&lt;td align=&quot;left&quot; style=&quot;text-align: center;&quot;&gt;無限&lt;/td&gt;
					&lt;td align=&quot;left&quot; style=&quot;text-align: center;&quot;&gt;無限&lt;/td&gt;
				&lt;/tr&gt;
				&lt;tr&gt;
					&lt;td align=&quot;left&quot; bgcolor=&quot;#283891&quot;&gt;&lt;span style=&quot;color:#fff&quot;&gt;電郵支援&lt;/span&gt;&lt;/td&gt;
					&lt;td align=&quot;left&quot; bgcolor=&quot;#EFEFEF&quot; style=&quot;text-align: center;&quot;&gt;無限&lt;/td&gt;
					&lt;td align=&quot;left&quot; bgcolor=&quot;#EFEFEF&quot; style=&quot;text-align: center;&quot;&gt;無限&lt;/td&gt;
					&lt;td align=&quot;left&quot; bgcolor=&quot;#EFEFEF&quot; style=&quot;text-align: center;&quot;&gt;無限&lt;/td&gt;
					&lt;td align=&quot;left&quot; bgcolor=&quot;#EFEFEF&quot; style=&quot;text-align: center;&quot;&gt;無限&lt;/td&gt;
					&lt;td align=&quot;left&quot; bgcolor=&quot;#EFEFEF&quot; style=&quot;text-align: center;&quot;&gt;無限&lt;/td&gt;
					&lt;td align=&quot;left&quot; bgcolor=&quot;#EFEFEF&quot; style=&quot;text-align: center;&quot;&gt;無限&lt;/td&gt;
				&lt;/tr&gt;
				&lt;tr&gt;
					&lt;td align=&quot;left&quot; bgcolor=&quot;#283891&quot;&gt;&lt;span style=&quot;color:#fff&quot;&gt;遠端技術支援&lt;/span&gt;&lt;/td&gt;
					&lt;td align=&quot;left&quot; style=&quot;text-align: center;&quot;&gt;無限&lt;/td&gt;
					&lt;td align=&quot;left&quot; style=&quot;text-align: center;&quot;&gt;無限&lt;/td&gt;
					&lt;td align=&quot;left&quot; style=&quot;text-align: center;&quot;&gt;無限&lt;/td&gt;
					&lt;td align=&quot;left&quot; style=&quot;text-align: center;&quot;&gt;無限&lt;/td&gt;
					&lt;td align=&quot;left&quot; style=&quot;text-align: center;&quot;&gt;無限&lt;/td&gt;
					&lt;td align=&quot;left&quot; style=&quot;text-align: center;&quot;&gt;無限&lt;/td&gt;
				&lt;/tr&gt;
				&lt;tr&gt;
					&lt;td align=&quot;left&quot; bgcolor=&quot;#283891&quot;&gt;&lt;span style=&quot;color:#fff&quot;&gt;備份檢查監控&lt;/span&gt;&lt;/td&gt;
					&lt;td align=&quot;left&quot; bgcolor=&quot;#EFEFEF&quot; style=&quot;text-align: center;&quot;&gt;每月1次&lt;/td&gt;
					&lt;td align=&quot;left&quot; bgcolor=&quot;#EFEFEF&quot; style=&quot;text-align: center;&quot;&gt;每月1次&lt;/td&gt;
					&lt;td align=&quot;left&quot; bgcolor=&quot;#EFEFEF&quot; style=&quot;text-align: center;&quot;&gt;每月1次&lt;/td&gt;
					&lt;td align=&quot;left&quot; bgcolor=&quot;#EFEFEF&quot; style=&quot;text-align: center;&quot;&gt;每月1次&lt;/td&gt;
					&lt;td align=&quot;left&quot; bgcolor=&quot;#EFEFEF&quot; style=&quot;text-align: center;&quot;&gt;每月1次&lt;/td&gt;
					&lt;td align=&quot;left&quot; bgcolor=&quot;#EFEFEF&quot; style=&quot;text-align: center;&quot;&gt;每月1次&lt;/td&gt;
				&lt;/tr&gt;
				&lt;tr&gt;
					&lt;td align=&quot;left&quot; bgcolor=&quot;#283891&quot;&gt;&lt;span style=&quot;color:#fff&quot;&gt;提供電腦資財表&lt;/span&gt;&lt;/td&gt;
					&lt;td align=&quot;left&quot; style=&quot;text-align: center;&quot;&gt;包括&lt;/td&gt;
					&lt;td align=&quot;left&quot; style=&quot;text-align: center;&quot;&gt;包括&lt;/td&gt;
					&lt;td align=&quot;left&quot; style=&quot;text-align: center;&quot;&gt;包括&lt;/td&gt;
					&lt;td align=&quot;left&quot; style=&quot;text-align: center;&quot;&gt;包括&lt;/td&gt;
					&lt;td align=&quot;left&quot; style=&quot;text-align: center;&quot;&gt;包括&lt;/td&gt;
					&lt;td align=&quot;left&quot; style=&quot;text-align: center;&quot;&gt;包括&lt;/td&gt;
				&lt;/tr&gt;
				&lt;tr&gt;
					&lt;td align=&quot;left&quot; bgcolor=&quot;#283891&quot;&gt;&lt;span style=&quot;color:#fff&quot;&gt;服務報告&lt;/span&gt;&lt;/td&gt;
					&lt;td align=&quot;left&quot; bgcolor=&quot;#EFEFEF&quot; style=&quot;text-align: center;&quot;&gt;包括&lt;/td&gt;
					&lt;td align=&quot;left&quot; bgcolor=&quot;#EFEFEF&quot; style=&quot;text-align: center;&quot;&gt;包括&lt;/td&gt;
					&lt;td align=&quot;left&quot; bgcolor=&quot;#EFEFEF&quot; style=&quot;text-align: center;&quot;&gt;包括&lt;/td&gt;
					&lt;td align=&quot;left&quot; bgcolor=&quot;#EFEFEF&quot; style=&quot;text-align: center;&quot;&gt;包括&lt;/td&gt;
					&lt;td align=&quot;left&quot; bgcolor=&quot;#EFEFEF&quot; style=&quot;text-align: center;&quot;&gt;包括&lt;/td&gt;
					&lt;td align=&quot;left&quot; bgcolor=&quot;#EFEFEF&quot; style=&quot;text-align: center;&quot;&gt;包括&lt;/td&gt;
				&lt;/tr&gt;
				&lt;tr&gt;
					&lt;td align=&quot;left&quot; bgcolor=&quot;#283891&quot;&gt;&lt;span style=&quot;color:#fff&quot;&gt;電郵及網頁寄存&lt;/span&gt;&lt;/td&gt;
					&lt;td align=&quot;left&quot; style=&quot;text-align: center;&quot;&gt;2GB&lt;/td&gt;
					&lt;td align=&quot;left&quot; style=&quot;text-align: center;&quot;&gt;4GB&lt;/td&gt;
					&lt;td align=&quot;left&quot; style=&quot;text-align: center;&quot;&gt;10GB&lt;/td&gt;
					&lt;td align=&quot;left&quot; style=&quot;text-align: center;&quot;&gt;20GB&lt;/td&gt;
					&lt;td align=&quot;left&quot; style=&quot;text-align: center;&quot;&gt;100GB&lt;/td&gt;
					&lt;td align=&quot;left&quot; style=&quot;text-align: center;&quot;&gt;200GB&lt;/td&gt;
				&lt;/tr&gt;
				&lt;tr&gt;
					&lt;td align=&quot;left&quot; bgcolor=&quot;#283891&quot;&gt;&lt;span style=&quot;color:#fff&quot;&gt;月費&lt;/span&gt;&lt;/td&gt;
					&lt;td align=&quot;left&quot; bgcolor=&quot;#EFEFEF&quot; style=&quot;text-align: center;&quot;&gt;$1000&lt;/td&gt;
					&lt;td align=&quot;left&quot; bgcolor=&quot;#EFEFEF&quot; style=&quot;text-align: center;&quot;&gt;$1500起&lt;/td&gt;
					&lt;td align=&quot;left&quot; bgcolor=&quot;#EFEFEF&quot; style=&quot;text-align: center;&quot;&gt;$2100起&lt;/td&gt;
					&lt;td align=&quot;left&quot; bgcolor=&quot;#EFEFEF&quot; style=&quot;text-align: center;&quot;&gt;$3100起&lt;/td&gt;
					&lt;td align=&quot;left&quot; bgcolor=&quot;#EFEFEF&quot; style=&quot;text-align: center;&quot;&gt;$4100起&lt;/td&gt;
					&lt;td align=&quot;left&quot; bgcolor=&quot;#EFEFEF&quot; style=&quot;text-align: center;&quot;&gt;$5000起&lt;/td&gt;
				&lt;/tr&gt;
				&lt;tr&gt;
					&lt;td align=&quot;left&quot; bgcolor=&quot;#283891&quot;&gt;&lt;span style=&quot;color:#fff&quot;&gt;&lt;/span&gt;&lt;/td&gt;
					&lt;td align=&quot;left&quot; style=&quot;text-align: center;&quot;&gt;&lt;a href=&quot;mailto:sales@topnet.hk?subject=Inquiries for it support Plan ITS-B01&quot;&gt;立即查詢&lt;/a&gt;&lt;/td&gt;
					&lt;td align=&quot;left&quot; style=&quot;text-align: center;&quot;&gt;&lt;a href=&quot;mailto:sales@topnet.hk?subject=Inquiries for it support Plan ITS-B02&quot;&gt;立即查詢&lt;/a&gt;&lt;/td&gt;
					&lt;td align=&quot;left&quot; style=&quot;text-align: center;&quot;&gt;&lt;a href=&quot;mailto:sales@topnet.hk?subject=Inquiries for it support Plan ITS-B03&quot;&gt;立即查詢&lt;/a&gt;&lt;/td&gt;
					&lt;td align=&quot;left&quot; style=&quot;text-align: center;&quot;&gt;&lt;a href=&quot;mailto:sales@topnet.hk?subject=Inquiries for it support Plan ITS-B04&quot;&gt;立即查詢&lt;/a&gt;&lt;/td&gt;
					&lt;td align=&quot;left&quot; style=&quot;text-align: center;&quot;&gt;&lt;a href=&quot;mailto:sales@topnet.hk?subject=Inquiries for it support Plan ITS-B05&quot;&gt;立即查詢&lt;/a&gt;&lt;/td&gt;
					&lt;td align=&quot;left&quot; style=&quot;text-align: center;&quot;&gt;&lt;a href=&quot;mailto:sales@topnet.hk?subject=Inquiries for it support Plan ITS-B-S&quot;&gt;立即查詢&lt;/a&gt;&lt;/td&gt;
				&lt;/tr&gt;
			&lt;/tbody&gt;
		&lt;/table&gt;
		&amp;nbsp;

		&lt;p&gt;&lt;strong&gt;備註：&lt;/strong&gt;&lt;br /&gt;
			- 一台伺服器以2台電腦或以上計算, 一切以本公司最終之報價為準&lt;br /&gt;
			- 只適用於一個地點，多點支援需另行報價&lt;br /&gt;
			&lt;!-- - 凡成功簽約IT電腦技術支援計劃將有優惠，詳情請向我們查詢 --&gt;&lt;/p&gt;

		&lt;p&gt;&amp;nbsp;&lt;/p&gt;

		&lt;p&gt;&amp;nbsp;&lt;/p&gt;

		&lt;h3&gt;IT Support服務範圍&lt;/h3&gt;

		&lt;p&gt;Top Network致力維持卓越的最高標準，確保所提供的服務質量，並大大減少因IT而引起的業務風險。&lt;/p&gt;

		&lt;h5&gt;1. 伺服器支援 / 電腦支援&lt;/h5&gt;

		&lt;ul class=&quot;list&quot;&gt;
			&lt;li&gt;操作系統重新安裝&lt;/li&gt;
			&lt;li&gt;操作系統配置&lt;/li&gt;
			&lt;li&gt;網絡及打印機配置&lt;/li&gt;
			&lt;li&gt;硬件安裝和配置&lt;/li&gt;
		&lt;/ul&gt;

		&lt;h5&gt;2. 系統安全 / 資料備份及還原&lt;/h5&gt;

		&lt;ul class=&quot;list&quot;&gt;
			&lt;li&gt;防毒軟件安裝及更新&lt;/li&gt;
			&lt;li&gt;系統更新&lt;/li&gt;
			&lt;li&gt;資料備份及還原&lt;/li&gt;
		&lt;/ul&gt;

		&lt;h5&gt;3. 軟件支援&lt;/h5&gt;

		&lt;ul class=&quot;list&quot;&gt;
			&lt;li&gt;桌面應用程式&lt;/li&gt;
			&lt;li&gt;電子郵件系統&lt;/li&gt;
			&lt;li&gt;互聯網瀏覽器&lt;/li&gt;
			&lt;li&gt;其他軟件包&lt;/li&gt;
		&lt;/ul&gt;

		&lt;h5&gt;4. 支援方式&lt;/h5&gt;

		&lt;ul class=&quot;list&quot;&gt;
			&lt;li&gt;無限電話服務支援&lt;/li&gt;
			&lt;li&gt;無限遠端操控支援&lt;/li&gt;
			&lt;li&gt;上門服務支援&lt;/li&gt;
		&lt;/ul&gt;

		&lt;p&gt;Top Network提供點對點的IT服務和解決方案，以幫助商業公司開展業務。&lt;/p&gt;
		&lt;!-- quote-msg Start --&gt;

		&lt;p&gt;&amp;nbsp;&lt;/p&gt;

		&lt;p&gt;歡迎查詢報價，請&lt;a href=&quot;contactus&quot; style=&quot;color:#283891&quot;&gt;聯絡我們&lt;/a&gt;&lt;br /&gt;
			查詢熱線： &lt;span style=&quot;color:#283891&quot;&gt;(852) 34905223&lt;/span&gt;&lt;/p&gt;
	&lt;/div&gt;
	&lt;/section&gt;
	&lt;script&gt;(function(d, s, id) {
  var js, fjs = d.getElementsByTagName(s)[0];
  if (d.getElementById(id)) return;
  js = d.createElement(s); js.id = id;
  js.src = &quot;//connect.facebook.net/zh_HK/sdk.js#xfbml=1&amp;version=v2.6&amp;appId=277000518982363&quot;;
  fjs.parentNode.insertBefore(js, fjs);
}(document, &#039;script&#039;, &#039;facebook-jssdk&#039;));&lt;/script&gt;&lt;!-- Bottom Section End --&gt;&lt;/div&gt;
]]></content><private><![CDATA[]]></private><author><![CDATA[sunny1312]]></author></item>
