<?xml version="1.0" encoding="UTF-8"?>
<item><pubDate>Fri, 05 Feb 2021 08:49:58 +0100</pubDate><title><![CDATA[網頁寄存]]></title><url><![CDATA[temp-4]]></url><meta><![CDATA[]]></meta><metad><![CDATA[]]></metad><menu><![CDATA[網頁寄存]]></menu><menuOrder><![CDATA[7]]></menuOrder><menuStatus><![CDATA[]]></menuStatus><template><![CDATA[template.php]]></template><parent><![CDATA[]]></parent><content><![CDATA[]]></content><private><![CDATA[]]></private><author><![CDATA[sunny1312]]></author></item>
