<?xml version="1.0" encoding="UTF-8"?>
<item><pubDate>Fri, 05 Feb 2021 10:17:39 +0100</pubDate><title><![CDATA[伺服器及網絡機櫃]]></title><url><![CDATA[temp-1]]></url><meta><![CDATA[]]></meta><metad><![CDATA[]]></metad><menu><![CDATA[伺服器及網絡機櫃]]></menu><menuOrder><![CDATA[4]]></menuOrder><menuStatus><![CDATA[Y]]></menuStatus><template><![CDATA[template.php]]></template><parent><![CDATA[]]></parent><content><![CDATA[&lt;title&gt;&lt;/title&gt;
&lt;meta name=&quot;Keywords&quot; content=&quot;Top Network,伺服器,伺服器維護,伺服器保養,伺服器支援,伺服器維修,檔案伺服器,File Sharing Server,備份伺服器,File Backup Server,私有云端伺服器,Own Cloud Server,FTP伺服器,FTP Server,VPN伺服器,VPN Server,網站伺服器,Web Server,郵件伺服器,Mail Server&quot;&gt;&lt;meta name=&quot;description&quot; content=&quot;Top Network擁有經驗的電腦工程師，而且精通於 Windows Server 和 Linux Server，能為不同類型的客戶（中小企和大型企業）提供不同的伺服器解決方案。&quot;&gt;&lt;meta http-equiv=&quot;content-type&quot; content=&quot;text/html;charset=UTF-8&quot; /&gt;&lt;meta http-equiv=&quot;content-language&quot; content=&quot;ZH-hk&quot;&gt;&lt;meta name=&quot;robots&quot; content=&quot;index, follow&quot;&gt;
&lt;link href=&quot;../css/reset.css&quot; rel=&quot;stylesheet&quot; type=&quot;text/css&quot; /&gt;
&lt;link href=&quot;../css/layout.css&quot; rel=&quot;stylesheet&quot; type=&quot;text/css&quot; /&gt;
&lt;link href=&quot;../css/sudo.css&quot; rel=&quot;stylesheet&quot; type=&quot;text/css&quot; /&gt;&lt;!--&lt;link rel=&quot;stylesheet&quot; type=&quot;text/css&quot; href=&quot;../css/jqueryslidemenu.css&quot; /&gt;--&gt;
&lt;link href=&quot;../style.css&quot; rel=&quot;stylesheet&quot; type=&quot;text/css&quot; /&gt;
&lt;link href=&quot;../css/blog.css&quot; rel=&quot;stylesheet&quot; type=&quot;text/css&quot; /&gt;&lt;!-- &lt;link href=&#039;http://fonts.googleapis.com/css?family=Open+Sans:300,400,500,600,700&#039; rel=&#039;stylesheet&#039; type=&#039;text/css&#039; /&gt; --&gt;
&lt;link href=&quot;../js/fancybox/jquery.fancybox-1.3.4.css&quot; media=&quot;screen&quot; rel=&quot;stylesheet&quot; type=&quot;text/css&quot; /&gt;
&lt;link href=&quot;../css/portfolio.css&quot; rel=&quot;stylesheet&quot; type=&quot;text/css&quot; /&gt;
&lt;link href=&quot;../css/quicksand.css&quot; rel=&quot;stylesheet&quot; type=&quot;text/css&quot; /&gt;
&lt;link href=&quot;../css/skin.css&quot; rel=&quot;stylesheet&quot; type=&quot;text/css&quot; /&gt;&lt;!-- Silder --&gt;
&lt;link href=&quot;../css/swiper.min.css&quot; rel=&quot;stylesheet&quot; type=&quot;text/css&quot; /&gt;
&lt;style type=&quot;text/css&quot;&gt;.client-logo-box{
    width: 240px;
    height: 150px;
    max-width:  100%;
     display:  flex;
     align-items: center;
     justify-content:  center;
    }
&lt;/style&gt;
&lt;script type=&quot;text/javascript&quot; src=&quot;../js/jquery.min.js&quot;&gt;&lt;/script&gt;&lt;!--&lt;script type=&quot;text/javascript&quot; src=&quot;../js/jqueryslidemenu.js&quot;&gt;&lt;/script&gt;--&gt;&lt;!--&lt;script type=&quot;text/javascript&quot; src=&quot;../js/jquery.flexslider.js&quot;&gt;&lt;/script&gt;--&gt;&lt;script type=&quot;text/javascript&quot; src=&quot;../js/jquery.sudoSlider.js&quot;&gt;&lt;/script&gt;&lt;script type=&quot;text/javascript&quot; src=&quot;../js/fancybox/jquery.fancybox-1.3.4.js&quot;&gt;&lt;/script&gt;&lt;script src=&quot;../js/jquery-ui-1.10.4.js&quot;&gt;&lt;/script&gt;&lt;script type=&quot;text/javascript&quot; src=&quot;../js/custom.js&quot;&gt;&lt;/script&gt;&lt;!--&lt;script type=&quot;text/javascript&quot; src=&quot;../js/jquerymlmenu.php&quot;&gt;&lt;/script&gt;--&gt;&lt;script type=&quot;text/javascript&quot;&gt;
// FancyBox Document
jQuery(document).ready(function() {
	jQuery(&quot;a[rel=showcases1]&quot;).fancybox({
		&#039;titlePosition&#039;		: &#039;outside&#039;,
		&#039;overlayColor&#039;		: &#039;#000&#039;,
		&#039;overlayOpacity&#039;	: 0.9
	});

	jQuery(&quot;a[rel=service-img]&quot;).fancybox({
		&#039;titlePosition&#039;		: &#039;outside&#039;,
		&#039;overlayColor&#039;		: &#039;#000&#039;,
		&#039;overlayOpacity&#039;	: 0.9
	});	
	
// sudo slider Document
jQuery(document).ready(function($){	
        var sudoSlider = jQuery(&quot;#testimonail&quot;).sudoSlider({
           continuous:true,
		   auto:true,
		   pause:1
        });
});

});
&lt;/script&gt;&lt;!--[if lt IE 9]&gt;
&lt;script src=&quot;http://html5shim.googlecode.com/svn/trunk/html5.js&quot;&gt;&lt;/script&gt;
&lt;![endif]--&gt;&lt;!--[if lt IE 9]&gt;
	&lt;script src=&quot;http://css3-mediaqueries-js.googlecode.com/svn/trunk/css3-mediaqueries.js&quot;&gt;&lt;/script&gt;
&lt;![endif]--&gt;
&lt;p&gt;&lt;a class=&quot;scrollup&quot; href=&quot;#&quot; style=&quot;display: none;&quot;&gt;Scroll&lt;/a&gt;&lt;/p&gt;

&lt;div id=&quot;page_wrap&quot;&gt;&lt;!-- Header Start --&gt;&lt;script&gt;
  (function(i,s,o,g,r,a,m){i[&#039;GoogleAnalyticsObject&#039;]=r;i[r]=i[r]||function(){
  (i[r].q=i[r].q||[]).push(arguments)},i[r].l=1*new Date();a=s.createElement(o),
  m=s.getElementsByTagName(o)[0];a.async=1;a.src=g;m.parentNode.insertBefore(a,m)
  })(window,document,&#039;script&#039;,&#039;//www.google-analytics.com/analytics.js&#039;,&#039;ga&#039;);
  ga(&#039;create&#039;, &#039;UA-75945235-1&#039;, &#039;auto&#039;);
  ga(&#039;require&#039;, &#039;linkid&#039;);
  ga(&#039;require&#039;, &#039;displayfeatures&#039;);
  ga(&#039;set&#039;, &#039;&amp;uid&#039;, &#039;158.132.11.84&#039;);
  ga(&#039;send&#039;, &#039;pageview&#039;);
&lt;/script&gt;&lt;script&gt;(function(w,d,t,r,u){var f,n,i;w[u]=w[u]||[],f=function(){var o={ti:&quot;5200827&quot;};o.q=w[u],w[u]=new UET(o),w[u].push(&quot;pageLoad&quot;)},n=d.createElement(t),n.src=r,n.async=1,n.onload=n.onreadystatechange=function(){var s=this.readyState;s&amp;&amp;s!==&quot;loaded&quot;&amp;&amp;s!==&quot;complete&quot;||(f(),n.onload=n.onreadystatechange=null)},i=d.getElementsByTagName(t)[0],i.parentNode.insertBefore(n,i)})(window,document,&quot;script&quot;,&quot;//bat.bing.com/bat.js&quot;,&quot;uetq&quot;);&lt;/script&gt;&lt;noscript&gt;&lt;img src=&quot;//bat.bing.com/action/0?ti=5200827&amp;Ver=2&quot; height=&quot;0&quot; width=&quot;0&quot; style=&quot;display:none; visibility: hidden;&quot; /&gt;&lt;/noscript&gt;
	&lt;header&gt;&lt;!-- Place logo here --&gt;
	&lt;div class=&quot;logo&quot;&gt;&amp;nbsp;&lt;/div&gt;
	&lt;!-- Nav ends here --&gt;&lt;/header&gt;
	&lt;!-- Header End --&gt;&lt;!-- Sub Header Start --&gt;

	&lt;div class=&quot;sub_header&quot;&gt;
		&lt;div class=&quot;sub_header_title&quot;&gt;
			&lt;h1&gt;伺服器銷售、架設、安裝、維護、維修及保養&lt;/h1&gt;

			&lt;div class=&quot;sub_header_description&quot;&gt;&amp;nbsp;&lt;/div&gt;
		&lt;/div&gt;
	&lt;/div&gt;

	&lt;section class=&quot;tag_line&quot; id=&quot;content&quot;&gt;
	&lt;div class=&quot;three_fourth_last content&quot;&gt;
		&lt;p&gt;&amp;nbsp;&lt;/p&gt;

		&lt;p&gt;作為硬件來說，伺服器通常是指那些具有較高計算能力，能夠提供給多個用戶使用的電腦。伺服器與平常的電腦主機不同地方有很多，例如平常的電腦主機在一個時刻通常只為一個用戶服務。但伺服器與電腦主機不同，主機是通過終端給用戶使用的，伺服器是通過網絡給客戶端用戶使用的。&lt;/p&gt;

		&lt;p&gt;和電腦主機相比，伺服器需要連續在7X24小時環境下工作。這就意味著伺服器需要等多的穩定性技術RAS，比如支持使用ECC內存。根據不同的計算能力，伺服器又分為工作組級伺服器，部門級伺服器和企業級伺服器。伺服器操作系統是指運行在伺服器硬件上的操作系統。伺服器操作系統需要管理和充分利用伺服器硬件的計算能力並提供給伺服器硬件上的軟件使用。&lt;/p&gt;

		&lt;p&gt;&amp;nbsp;&lt;/p&gt;

		&lt;p&gt;&amp;nbsp;&lt;/p&gt;

		&lt;h3&gt;服務詳情&lt;/h3&gt;

		&lt;p&gt;&amp;nbsp;&lt;/p&gt;

		&lt;p&gt;Top Network的IT電腦顧問服務著重理解客戶在商業上的策略及需要，利用科技去提高和配合企業的業務發展。Top Network深信業務發展與科技是緊扣而密不可分的，所以Top Network要瞭解背後的商業動機，才能為您的企業提供最切合企業需求的解決方案，以協助你解決問題。&lt;/p&gt;

		&lt;p&gt;另外，Top Network擁有經驗的電腦工程師，而且精通於 Windows Server 和 Linux Server，能為不同類型的客戶（中小企和大型企業）提供不同的伺服器解決方案。&lt;/p&gt;

		&lt;p&gt;除此之外，Top Network更提供網頁設計，網上商店，IT電腦顧問，購買電腦軟件及硬件，手機程式設計開發，電腦保養及維修服務等，以解決不同的問題。所以中小企即使沒有自己的IT部門，只要與Top Network合作也能擁有相等於大機構的技術支援團隊。Top Network的客戶來自不同行業，例如醫療，物流，零售，貿易，金融服務和法律服務等等。Top Network可為不同的客戶制定不同的服務方案，因為我們知道每個客戶都是獨一無二的。&lt;/p&gt;

		&lt;p&gt;&amp;nbsp;&lt;/p&gt;

		&lt;ul class=&quot;server-list&quot;&gt;
			&lt;li&gt;檔案伺服器 (File Sharing Server)&lt;/li&gt;
			&lt;li&gt;備份伺服器 (File Backup Server)&lt;/li&gt;
			&lt;li&gt;私有云端伺服器 (Own Cloud Server)&lt;/li&gt;
			&lt;li&gt;FTP伺服器 (FTP Server)&lt;/li&gt;
			&lt;li&gt;VPN伺服器 (VPN Server)&lt;/li&gt;
			&lt;li&gt;網站伺服器 (Web Server)&lt;/li&gt;
			&lt;li&gt;郵件伺服器 (Mail Server)&lt;/li&gt;
			&lt;li&gt;其他Linux伺服器 (Other Linux Server)&lt;/li&gt;
		&lt;/ul&gt;

		&lt;p&gt;&amp;nbsp;&lt;/p&gt;
		&lt;!-- Header Start --&gt;

		&lt;p&gt;&amp;nbsp;&lt;/p&gt;

		&lt;p&gt;歡迎查詢報價，請&lt;a href=&quot;contactus&quot; style=&quot;color:#283891&quot;&gt;聯絡我們&lt;/a&gt;&lt;br /&gt;
			查詢熱線： &lt;span style=&quot;color:#283891&quot;&gt;(852) 34905223&lt;/span&gt;&lt;/p&gt;

		&lt;p&gt;&amp;nbsp;&lt;/p&gt;
		&lt;!-- Header End --&gt;

		&lt;div class=&quot;clear&quot;&gt;&amp;nbsp;&lt;/div&gt;
	&lt;/div&gt;
	&lt;/section&gt;
	&lt;script&gt;(function(d, s, id) {
  var js, fjs = d.getElementsByTagName(s)[0];
  if (d.getElementById(id)) return;
  js = d.createElement(s); js.id = id;
  js.src = &quot;//connect.facebook.net/zh_HK/sdk.js#xfbml=1&amp;version=v2.6&amp;appId=277000518982363&quot;;
  fjs.parentNode.insertBefore(js, fjs);
}(document, &#039;script&#039;, &#039;facebook-jssdk&#039;));&lt;/script&gt;&lt;!-- Bottom Section End --&gt;&lt;/div&gt;
]]></content><private><![CDATA[]]></private><author><![CDATA[sunny1312]]></author></item>
