<?xml version="1.0" encoding="UTF-8"?>
<item><pubDate>Fri, 05 Feb 2021 10:18:45 +0100</pubDate><title><![CDATA[本月優惠]]></title><url><![CDATA[temp-5]]></url><meta><![CDATA[]]></meta><metad><![CDATA[]]></metad><menu><![CDATA[本月優惠]]></menu><menuOrder><![CDATA[8]]></menuOrder><menuStatus><![CDATA[Y]]></menuStatus><template><![CDATA[template.php]]></template><parent><![CDATA[]]></parent><content><![CDATA[&lt;title&gt;&lt;/title&gt;
&lt;meta name=&quot;Keywords&quot; content=&quot;Top Network,本月優惠,Lenovo,PC,Notebook&quot;&gt;&lt;meta name=&quot;description&quot; content=&quot;Top Network 提供一站式IT服務, 查詢熱線:34905223, 本月Lenovo優惠，詳情請瀏覽以下清單。&quot;&gt;&lt;meta http-equiv=&quot;content-type&quot; content=&quot;text/html;charset=UTF-8&quot; /&gt;&lt;meta http-equiv=&quot;content-language&quot; content=&quot;ZH-hk&quot;&gt;&lt;meta name=&quot;robots&quot; content=&quot;index, follow&quot;&gt;
&lt;link href=&quot;../css/reset.css&quot; rel=&quot;stylesheet&quot; type=&quot;text/css&quot; /&gt;
&lt;link href=&quot;../css/layout.css&quot; rel=&quot;stylesheet&quot; type=&quot;text/css&quot; /&gt;
&lt;link href=&quot;../css/sudo.css&quot; rel=&quot;stylesheet&quot; type=&quot;text/css&quot; /&gt;&lt;!--&lt;link rel=&quot;stylesheet&quot; type=&quot;text/css&quot; href=&quot;../css/jqueryslidemenu.css&quot; /&gt;--&gt;
&lt;link href=&quot;../style.css&quot; rel=&quot;stylesheet&quot; type=&quot;text/css&quot; /&gt;
&lt;link href=&quot;../css/blog.css&quot; rel=&quot;stylesheet&quot; type=&quot;text/css&quot; /&gt;&lt;!-- &lt;link href=&#039;http://fonts.googleapis.com/css?family=Open+Sans:300,400,500,600,700&#039; rel=&#039;stylesheet&#039; type=&#039;text/css&#039; /&gt; --&gt;
&lt;link href=&quot;../js/fancybox/jquery.fancybox-1.3.4.css&quot; media=&quot;screen&quot; rel=&quot;stylesheet&quot; type=&quot;text/css&quot; /&gt;
&lt;link href=&quot;../css/portfolio.css&quot; rel=&quot;stylesheet&quot; type=&quot;text/css&quot; /&gt;
&lt;link href=&quot;../css/quicksand.css&quot; rel=&quot;stylesheet&quot; type=&quot;text/css&quot; /&gt;
&lt;link href=&quot;../css/skin.css&quot; rel=&quot;stylesheet&quot; type=&quot;text/css&quot; /&gt;&lt;!-- Silder --&gt;
&lt;link href=&quot;../css/swiper.min.css&quot; rel=&quot;stylesheet&quot; type=&quot;text/css&quot; /&gt;
&lt;style type=&quot;text/css&quot;&gt;.client-logo-box{
    width: 240px;
    height: 150px;
    max-width:  100%;
     display:  flex;
     align-items: center;
     justify-content:  center;
    }
&lt;/style&gt;
&lt;script type=&quot;text/javascript&quot; src=&quot;../js/jquery.min.js&quot;&gt;&lt;/script&gt;&lt;!--&lt;script type=&quot;text/javascript&quot; src=&quot;../js/jqueryslidemenu.js&quot;&gt;&lt;/script&gt;--&gt;&lt;!--&lt;script type=&quot;text/javascript&quot; src=&quot;../js/jquery.flexslider.js&quot;&gt;&lt;/script&gt;--&gt;&lt;script type=&quot;text/javascript&quot; src=&quot;../js/jquery.sudoSlider.js&quot;&gt;&lt;/script&gt;&lt;script type=&quot;text/javascript&quot; src=&quot;../js/fancybox/jquery.fancybox-1.3.4.js&quot;&gt;&lt;/script&gt;&lt;script src=&quot;../js/jquery-ui-1.10.4.js&quot;&gt;&lt;/script&gt;&lt;script type=&quot;text/javascript&quot; src=&quot;../js/custom.js&quot;&gt;&lt;/script&gt;&lt;!--&lt;script type=&quot;text/javascript&quot; src=&quot;../js/jquerymlmenu.php&quot;&gt;&lt;/script&gt;--&gt;&lt;script type=&quot;text/javascript&quot;&gt;
// FancyBox Document
jQuery(document).ready(function() {
	jQuery(&quot;a[rel=showcases1]&quot;).fancybox({
		&#039;titlePosition&#039;		: &#039;outside&#039;,
		&#039;overlayColor&#039;		: &#039;#000&#039;,
		&#039;overlayOpacity&#039;	: 0.9
	});

	jQuery(&quot;a[rel=service-img]&quot;).fancybox({
		&#039;titlePosition&#039;		: &#039;outside&#039;,
		&#039;overlayColor&#039;		: &#039;#000&#039;,
		&#039;overlayOpacity&#039;	: 0.9
	});	
	
// sudo slider Document
jQuery(document).ready(function($){	
        var sudoSlider = jQuery(&quot;#testimonail&quot;).sudoSlider({
           continuous:true,
		   auto:true,
		   pause:1
        });
});

});
&lt;/script&gt;&lt;!--[if lt IE 9]&gt;
&lt;script src=&quot;http://html5shim.googlecode.com/svn/trunk/html5.js&quot;&gt;&lt;/script&gt;
&lt;![endif]--&gt;&lt;!--[if lt IE 9]&gt;
	&lt;script src=&quot;http://css3-mediaqueries-js.googlecode.com/svn/trunk/css3-mediaqueries.js&quot;&gt;&lt;/script&gt;
&lt;![endif]--&gt;
&lt;p&gt;&lt;a class=&quot;scrollup&quot; href=&quot;#&quot; style=&quot;display: none;&quot;&gt;Scroll&lt;/a&gt;&lt;/p&gt;

&lt;div id=&quot;page_wrap&quot;&gt;&lt;!-- Header Start --&gt;&lt;script&gt;
  (function(i,s,o,g,r,a,m){i[&#039;GoogleAnalyticsObject&#039;]=r;i[r]=i[r]||function(){
  (i[r].q=i[r].q||[]).push(arguments)},i[r].l=1*new Date();a=s.createElement(o),
  m=s.getElementsByTagName(o)[0];a.async=1;a.src=g;m.parentNode.insertBefore(a,m)
  })(window,document,&#039;script&#039;,&#039;//www.google-analytics.com/analytics.js&#039;,&#039;ga&#039;);
  ga(&#039;create&#039;, &#039;UA-75945235-1&#039;, &#039;auto&#039;);
  ga(&#039;require&#039;, &#039;linkid&#039;);
  ga(&#039;require&#039;, &#039;displayfeatures&#039;);
  ga(&#039;set&#039;, &#039;&amp;uid&#039;, &#039;158.132.11.84&#039;);
  ga(&#039;send&#039;, &#039;pageview&#039;);
&lt;/script&gt;&lt;script&gt;(function(w,d,t,r,u){var f,n,i;w[u]=w[u]||[],f=function(){var o={ti:&quot;5200827&quot;};o.q=w[u],w[u]=new UET(o),w[u].push(&quot;pageLoad&quot;)},n=d.createElement(t),n.src=r,n.async=1,n.onload=n.onreadystatechange=function(){var s=this.readyState;s&amp;&amp;s!==&quot;loaded&quot;&amp;&amp;s!==&quot;complete&quot;||(f(),n.onload=n.onreadystatechange=null)},i=d.getElementsByTagName(t)[0],i.parentNode.insertBefore(n,i)})(window,document,&quot;script&quot;,&quot;//bat.bing.com/bat.js&quot;,&quot;uetq&quot;);&lt;/script&gt;&lt;noscript&gt;&lt;img src=&quot;//bat.bing.com/action/0?ti=5200827&amp;Ver=2&quot; height=&quot;0&quot; width=&quot;0&quot; style=&quot;display:none; visibility: hidden;&quot; /&gt;&lt;/noscript&gt;
	&lt;header&gt;&lt;!-- Place logo here --&gt;&lt;!-- Nav ends here --&gt;&lt;/header&gt;
	&lt;!-- Header End --&gt;&lt;!-- Sub Header Start --&gt;

	&lt;div class=&quot;sub_header&quot;&gt;
		&lt;div class=&quot;sub_header_title&quot;&gt;
			&lt;h1&gt;本月優惠&lt;/h1&gt;

			&lt;div class=&quot;sub_header_description&quot;&gt;&amp;nbsp;&lt;/div&gt;
		&lt;/div&gt;
	&lt;/div&gt;

	&lt;section class=&quot;tag_line&quot; id=&quot;content&quot;&gt;
	&lt;div class=&quot;three_fourth_last content&quot;&gt;
		&lt;table border=&quot;0&quot; cellspacing=&quot;0&quot;&gt;
			&lt;colgroup width=&quot;128&quot;&gt;
			&lt;/colgroup&gt;
			&lt;colgroup width=&quot;107&quot;&gt;
			&lt;/colgroup&gt;
			&lt;colgroup width=&quot;140&quot;&gt;
			&lt;/colgroup&gt;
			&lt;colgroup width=&quot;833&quot;&gt;
			&lt;/colgroup&gt;
			&lt;colgroup width=&quot;137&quot;&gt;
			&lt;/colgroup&gt;
			&lt;colgroup width=&quot;76&quot;&gt;
			&lt;/colgroup&gt;
			&lt;tbody&gt;
				&lt;tr&gt;
					&lt;td align=&quot;left&quot; colspan=&quot;4&quot; height=&quot;34&quot; sdnum=&quot;1033;1033;General&quot; valign=&quot;middle&quot;&gt;&lt;font face=&quot;Arial&quot; size=&quot;4&quot;&gt;All items listed are while Stocks Last. No further new sell-in &lt;/font&gt;&lt;/td&gt;
					&lt;td align=&quot;center&quot; sdnum=&quot;1033;1033;General&quot; valign=&quot;middle&quot;&gt;&lt;font color=&quot;#FF0000&quot; face=&quot;Arial&quot; size=&quot;2&quot;&gt;Clearance Offer (HKD)&lt;/font&gt;&lt;/td&gt;
					&lt;td align=&quot;center&quot; sdnum=&quot;1033;1033;General&quot; valign=&quot;middle&quot;&gt;&lt;font face=&quot;Arial&quot; size=&quot;2&quot;&gt;Total&lt;/font&gt;&lt;/td&gt;
				&lt;/tr&gt;
				&lt;tr&gt;
					&lt;td align=&quot;left&quot; bgcolor=&quot;#FFFF00&quot; colspan=&quot;6&quot; height=&quot;24&quot; sdnum=&quot;1033;1033;General&quot; valign=&quot;middle&quot;&gt;&lt;b&gt;&lt;font color=&quot;#FF0000&quot; face=&quot;Arial&quot; size=&quot;4&quot;&gt;ThinkPad Notebook Clearance&lt;/font&gt;&lt;/b&gt;&lt;/td&gt;
				&lt;/tr&gt;
				&lt;tr&gt;
					&lt;td align=&quot;left&quot; bgcolor=&quot;#D6DCE5&quot; colspan=&quot;3&quot; height=&quot;24&quot; sdnum=&quot;1033;1033;General&quot; valign=&quot;middle&quot;&gt;&lt;b&gt;&lt;font color=&quot;#FF0000&quot; face=&quot;Arial&quot; size=&quot;4&quot;&gt;ThinkPad Edge Series&lt;/font&gt;&lt;/b&gt;&lt;/td&gt;
					&lt;td align=&quot;left&quot; bgcolor=&quot;#D6DCE5&quot; colspan=&quot;3&quot; sdnum=&quot;1033;1033;General&quot; valign=&quot;middle&quot;&gt;&lt;b&gt;&lt;font color=&quot;#FF0000&quot; face=&quot;Arial&quot; size=&quot;4&quot;&gt;Option: Windows 10 Home OEM: HKD 930 / Windows 10 Pro OEM: HKD 1,200&lt;/font&gt;&lt;/b&gt;&lt;/td&gt;
				&lt;/tr&gt;
				&lt;tr&gt;
					&lt;td align=&quot;left&quot; height=&quot;22&quot; sdnum=&quot;1033;1033;General&quot; valign=&quot;middle&quot;&gt;&amp;nbsp;&lt;/td&gt;
					&lt;td align=&quot;left&quot; sdnum=&quot;1033;1033;General&quot; valign=&quot;middle&quot;&gt;&lt;font color=&quot;#000000&quot; face=&quot;Arial&quot; size=&quot;2&quot;&gt;E440 / i5&lt;/font&gt;&lt;/td&gt;
					&lt;td align=&quot;left&quot; sdnum=&quot;1033;1033;General&quot; valign=&quot;middle&quot;&gt;&lt;font color=&quot;#000000&quot; face=&quot;Arial&quot; size=&quot;2&quot;&gt;20C5A0B4HH&lt;/font&gt;&lt;/td&gt;
					&lt;td align=&quot;left&quot; sdnum=&quot;1033;1033;General&quot; valign=&quot;middle&quot;&gt;&lt;font face=&quot;Arial&quot; size=&quot;2&quot;&gt;LENOVO TP E440 I5-4210M 4G 500G 14 DVDRW W7P64 W8PLIC&lt;/font&gt;&lt;/td&gt;
					&lt;td align=&quot;center&quot; sdnum=&quot;1033;1033;General&quot; sdval=&quot;4200&quot; valign=&quot;middle&quot;&gt;&lt;b&gt;&lt;font color=&quot;#FF0000&quot; face=&quot;Arial&quot; size=&quot;2&quot;&gt;4200&lt;/font&gt;&lt;/b&gt;&lt;/td&gt;
					&lt;td align=&quot;center&quot; sdnum=&quot;1033;1033;General&quot; sdval=&quot;1&quot; valign=&quot;middle&quot;&gt;&lt;b&gt;&lt;font color=&quot;#008000&quot; face=&quot;Arial&quot; size=&quot;2&quot;&gt;1&lt;/font&gt;&lt;/b&gt;&lt;/td&gt;
				&lt;/tr&gt;
				&lt;tr&gt;
					&lt;td align=&quot;left&quot; height=&quot;68&quot; sdnum=&quot;1033;1033;General&quot; valign=&quot;middle&quot;&gt;&amp;nbsp;&lt;/td&gt;
					&lt;td align=&quot;left&quot; sdnum=&quot;1033;1033;General&quot; valign=&quot;middle&quot;&gt;&lt;font color=&quot;#000000&quot; face=&quot;Arial&quot; size=&quot;2&quot;&gt;E450 / i3&lt;/font&gt;&lt;/td&gt;
					&lt;td align=&quot;left&quot; sdnum=&quot;1033;1033;General&quot; valign=&quot;middle&quot;&gt;&lt;font color=&quot;#000000&quot; face=&quot;Arial&quot; size=&quot;2&quot;&gt;20DCA06YHH&lt;/font&gt;&lt;/td&gt;
					&lt;td align=&quot;left&quot; sdnum=&quot;1033;1033;General&quot; valign=&quot;middle&quot;&gt;&lt;font face=&quot;Arial&quot; size=&quot;2&quot;&gt;Lenovo ThinkPad E450, Intel i3-5005U CPU, 4GB DDR3L-1600 Ram, 500G 7200 HDD, no ODD, 14” HD (1366x768) AG (Black), Intel HD graphics, 6 cell 48Wh, Intel 7265 AC, BT, No FRP, HDMI, Support OneLink Dock, Win 10 Home 64, 720p Webcam, 1 yr Carry-in Warranty,&lt;br /&gt;
						(Free ThinkPlus Warranty Upgrade from One Year Carry In to Two Years Carry In Warranty - 5WS0K79529)&lt;/font&gt;&lt;/td&gt;
					&lt;td align=&quot;center&quot; sdnum=&quot;1033;1033;General&quot; sdval=&quot;4400&quot; valign=&quot;middle&quot;&gt;&lt;b&gt;&lt;font color=&quot;#FF0000&quot; face=&quot;Arial&quot; size=&quot;2&quot;&gt;4400&lt;/font&gt;&lt;/b&gt;&lt;/td&gt;
					&lt;td align=&quot;center&quot; sdnum=&quot;1033;1033;General&quot; sdval=&quot;27&quot; valign=&quot;middle&quot;&gt;&lt;b&gt;&lt;font color=&quot;#008000&quot; face=&quot;Arial&quot; size=&quot;2&quot;&gt;27&lt;/font&gt;&lt;/b&gt;&lt;/td&gt;
				&lt;/tr&gt;
				&lt;tr&gt;
					&lt;td align=&quot;left&quot; height=&quot;51&quot; sdnum=&quot;1033;1033;General&quot; valign=&quot;middle&quot;&gt;&amp;nbsp;&lt;/td&gt;
					&lt;td align=&quot;left&quot; sdnum=&quot;1033;1033;General&quot; valign=&quot;middle&quot;&gt;&lt;font color=&quot;#000000&quot; face=&quot;Arial&quot; size=&quot;2&quot;&gt;E450 / i5&lt;/font&gt;&lt;/td&gt;
					&lt;td align=&quot;left&quot; sdnum=&quot;1033;1033;General&quot; valign=&quot;middle&quot;&gt;&lt;font color=&quot;#000000&quot; face=&quot;Arial&quot; size=&quot;2&quot;&gt;20DCS00300&lt;/font&gt;&lt;/td&gt;
					&lt;td align=&quot;left&quot; sdnum=&quot;1033;1033;General&quot; valign=&quot;middle&quot;&gt;&lt;font face=&quot;Arial&quot; size=&quot;2&quot;&gt;Lenovo ThinkPad E450, Intel i5-5200U CPU, 4GB DDR3L-1600 Ram, 500G 7200 HDD, no ODD, 14” HD (1366x768) AG (Black), Intel HD graphics, 6 cell 48Wh, Intel 7265 AC, BT, No FRP, HDMI, Support OneLink Dock, Win 7 Pro 64 (W8.1P Lic), 720p Webcam, 1 yr Carry-in Warranty&lt;/font&gt;&lt;/td&gt;
					&lt;td align=&quot;center&quot; sdnum=&quot;1033;1033;General&quot; sdval=&quot;4900&quot; valign=&quot;middle&quot;&gt;&lt;b&gt;&lt;font color=&quot;#FF0000&quot; face=&quot;Arial&quot; size=&quot;2&quot;&gt;4900&lt;/font&gt;&lt;/b&gt;&lt;/td&gt;
					&lt;td align=&quot;center&quot; sdnum=&quot;1033;1033;General&quot; sdval=&quot;1&quot; valign=&quot;middle&quot;&gt;&lt;b&gt;&lt;font color=&quot;#008000&quot; face=&quot;Arial&quot; size=&quot;2&quot;&gt;1&lt;/font&gt;&lt;/b&gt;&lt;/td&gt;
				&lt;/tr&gt;
				&lt;tr&gt;
					&lt;td align=&quot;left&quot; height=&quot;68&quot; sdnum=&quot;1033;1033;General&quot; valign=&quot;middle&quot;&gt;&amp;nbsp;&lt;/td&gt;
					&lt;td align=&quot;left&quot; sdnum=&quot;1033;1033;General&quot; valign=&quot;middle&quot;&gt;&lt;font color=&quot;#000000&quot; face=&quot;Arial&quot; size=&quot;2&quot;&gt;E550 / i3&lt;/font&gt;&lt;/td&gt;
					&lt;td align=&quot;left&quot; sdnum=&quot;1033;1033;General&quot; valign=&quot;middle&quot;&gt;&lt;font face=&quot;Arial&quot; size=&quot;2&quot;&gt;20DFA05MHH&lt;/font&gt;&lt;/td&gt;
					&lt;td align=&quot;left&quot; sdnum=&quot;1033;1033;General&quot; valign=&quot;middle&quot;&gt;&lt;font face=&quot;Arial&quot; size=&quot;2&quot;&gt;Lenovo ThinkPad E550, Intel i3-5005U CPU, 4GB DDR3L-1600 Ram, 500G 7200 HDD, DVD-RW, 15.6” HD (1366x768) AG (Black), Intel HD graphics, 6 cell 48Wh, Intel 7265 AC, BT, No FRP, NumPad, VGA+HDMI, Support OneLink Dock, Win 7 Pro 64 (W10P Lic), 720p Webcam, 1 yr Carry-in Warranty&lt;br /&gt;
						(Free ThinkPlus Warranty Upgrade from One Year Carry In to Two Years Carry In Warranty - 5WS0K79529)&lt;/font&gt;&lt;/td&gt;
					&lt;td align=&quot;center&quot; sdnum=&quot;1033;1033;General&quot; sdval=&quot;4900&quot; valign=&quot;middle&quot;&gt;&lt;b&gt;&lt;font color=&quot;#FF0000&quot; face=&quot;Arial&quot; size=&quot;2&quot;&gt;4900&lt;/font&gt;&lt;/b&gt;&lt;/td&gt;
					&lt;td align=&quot;center&quot; sdnum=&quot;1033;1033;General&quot; sdval=&quot;2&quot; valign=&quot;middle&quot;&gt;&lt;b&gt;&lt;font color=&quot;#008000&quot; face=&quot;Arial&quot; size=&quot;2&quot;&gt;2&lt;/font&gt;&lt;/b&gt;&lt;/td&gt;
				&lt;/tr&gt;
				&lt;tr&gt;
					&lt;td align=&quot;left&quot; height=&quot;68&quot; sdnum=&quot;1033;1033;General&quot; valign=&quot;middle&quot;&gt;&amp;nbsp;&lt;/td&gt;
					&lt;td align=&quot;left&quot; sdnum=&quot;1033;1033;General&quot; valign=&quot;middle&quot;&gt;&lt;font color=&quot;#000000&quot; face=&quot;Arial&quot; size=&quot;2&quot;&gt;E550 / i5&lt;/font&gt;&lt;/td&gt;
					&lt;td align=&quot;left&quot; sdnum=&quot;1033;1033;General&quot; valign=&quot;middle&quot;&gt;&lt;font color=&quot;#000000&quot; face=&quot;Arial&quot; size=&quot;2&quot;&gt;20DFS00200&lt;/font&gt;&lt;/td&gt;
					&lt;td align=&quot;left&quot; sdnum=&quot;1033;1033;General&quot; valign=&quot;middle&quot;&gt;&lt;font face=&quot;Arial&quot; size=&quot;2&quot;&gt;Lenovo ThinkPad E550, Intel i5-5200U CPU, 4GB DDR3L-1600 Ram, 500G 7200 HDD, DVD-RW, 15.6” FHD (1920x1080) AG (Black), AMD Radeon R7 M265 2GB, 6 cell 48Wh, Intel 7265 AC, BT, No FRP, NumPad, VGA+HDMI, Support OneLink Dock, Win 7 Pro 64 (W8.1P Lic), 720p Webcam, 1 yr Carry-in Warranty&lt;br /&gt;
						Free 80Y6046 (TP Edge from 1 yr carry-in to 2 yrs carry-in warranty, Limited stock left, first come first serve)&lt;/font&gt;&lt;/td&gt;
					&lt;td align=&quot;center&quot; sdnum=&quot;1033;1033;General&quot; sdval=&quot;6050&quot; valign=&quot;middle&quot;&gt;&lt;b&gt;&lt;font color=&quot;#FF0000&quot; face=&quot;Arial&quot; size=&quot;2&quot;&gt;6050&lt;/font&gt;&lt;/b&gt;&lt;/td&gt;
					&lt;td align=&quot;center&quot; sdnum=&quot;1033;1033;General&quot; sdval=&quot;1&quot; valign=&quot;middle&quot;&gt;&lt;b&gt;&lt;font color=&quot;#008000&quot; face=&quot;Arial&quot; size=&quot;2&quot;&gt;1&lt;/font&gt;&lt;/b&gt;&lt;/td&gt;
				&lt;/tr&gt;
				&lt;tr&gt;
					&lt;td align=&quot;left&quot; height=&quot;51&quot; sdnum=&quot;1033;1033;General&quot; valign=&quot;middle&quot;&gt;&amp;nbsp;&lt;/td&gt;
					&lt;td align=&quot;left&quot; sdnum=&quot;1033;1033;General&quot; valign=&quot;middle&quot;&gt;&lt;font color=&quot;#000000&quot; face=&quot;Arial&quot; size=&quot;2&quot;&gt;Yoga 12&lt;/font&gt;&lt;/td&gt;
					&lt;td align=&quot;left&quot; valign=&quot;middle&quot;&gt;&lt;font color=&quot;#000000&quot; face=&quot;Arial&quot; size=&quot;2&quot;&gt;20DLS01E00&lt;/font&gt;&lt;/td&gt;
					&lt;td align=&quot;left&quot; sdnum=&quot;1033;1033;General&quot; valign=&quot;middle&quot;&gt;&lt;font face=&quot;Arial&quot; size=&quot;2&quot;&gt;Lenovo ThinkPad Yoga 12, Intel Core i5-5200U CPU, 4GB DDR3L Ram, 1TB/5400rpm with 16GB mSATA, no ODD, 12.5” FHD (1920x1080) IPS 10-pt Touch, Touch Pen, Intel HD graphics 5500, 8 cell, Intel 7265 AC, BT, ClickPad w/o NFC, mini-HDMI, Win7 Pro DG W10P 64, 720p Webcam, backlit KB, 1 yr Carry-in Warranty&lt;/font&gt;&lt;/td&gt;
					&lt;td align=&quot;center&quot; sdnum=&quot;1033;1033;General&quot; sdval=&quot;7700&quot; valign=&quot;middle&quot;&gt;&lt;b&gt;&lt;font color=&quot;#FF0000&quot; face=&quot;Arial&quot; size=&quot;2&quot;&gt;7700&lt;/font&gt;&lt;/b&gt;&lt;/td&gt;
					&lt;td align=&quot;center&quot; sdnum=&quot;1033;1033;General&quot; sdval=&quot;4&quot; valign=&quot;middle&quot;&gt;&lt;b&gt;&lt;font color=&quot;#008000&quot; face=&quot;Arial&quot; size=&quot;2&quot;&gt;4&lt;/font&gt;&lt;/b&gt;&lt;/td&gt;
				&lt;/tr&gt;
				&lt;tr&gt;
					&lt;td align=&quot;left&quot; height=&quot;51&quot; sdnum=&quot;1033;1033;General&quot; valign=&quot;middle&quot;&gt;&amp;nbsp;&lt;/td&gt;
					&lt;td align=&quot;left&quot; sdnum=&quot;1033;1033;General&quot; valign=&quot;middle&quot;&gt;&lt;font color=&quot;#000000&quot; face=&quot;Arial&quot; size=&quot;2&quot;&gt;Yoga 12&lt;/font&gt;&lt;/td&gt;
					&lt;td align=&quot;left&quot; valign=&quot;middle&quot;&gt;&lt;font color=&quot;#000000&quot; face=&quot;Arial&quot; size=&quot;2&quot;&gt;20DLS01F00&lt;/font&gt;&lt;/td&gt;
					&lt;td align=&quot;left&quot; sdnum=&quot;1033;1033;General&quot; valign=&quot;middle&quot;&gt;&lt;font face=&quot;Arial&quot; size=&quot;2&quot;&gt;Lenovo ThinkPad Yoga 12, Intel Core i7-5500U CPU, 8GB DDR3L Ram, 256GB SSD, no ODD, 12.5” FHD (1920x1080) IPS 10-pt Touch, Touch Pen, Intel HD graphics 5500, 8 cell, Intel 7265 AC, BT, ClickPad w/o NFC, mini-HDMI, Win7 Pro DG W10P 64, 720p Webcam, backlit KB, 1 yr Carry-in Warranty&lt;/font&gt;&lt;/td&gt;
					&lt;td align=&quot;center&quot; sdnum=&quot;1033;1033;General&quot; sdval=&quot;9000&quot; valign=&quot;middle&quot;&gt;&lt;b&gt;&lt;font color=&quot;#FF0000&quot; face=&quot;Arial&quot; size=&quot;2&quot;&gt;9000&lt;/font&gt;&lt;/b&gt;&lt;/td&gt;
					&lt;td align=&quot;center&quot; sdnum=&quot;1033;1033;General&quot; sdval=&quot;2&quot; valign=&quot;middle&quot;&gt;&lt;b&gt;&lt;font color=&quot;#008000&quot; face=&quot;Arial&quot; size=&quot;2&quot;&gt;2&lt;/font&gt;&lt;/b&gt;&lt;/td&gt;
				&lt;/tr&gt;
				&lt;tr&gt;
					&lt;td align=&quot;left&quot; height=&quot;51&quot; sdnum=&quot;1033;1033;General&quot; valign=&quot;middle&quot;&gt;&amp;nbsp;&lt;/td&gt;
					&lt;td align=&quot;left&quot; sdnum=&quot;1033;1033;General&quot; valign=&quot;middle&quot;&gt;&lt;font color=&quot;#000000&quot; face=&quot;Arial&quot; size=&quot;2&quot;&gt;Yoga 15&lt;/font&gt;&lt;/td&gt;
					&lt;td align=&quot;left&quot; valign=&quot;middle&quot;&gt;&lt;font color=&quot;#000000&quot; face=&quot;Arial&quot; size=&quot;2&quot;&gt;20DQS01N00&lt;/font&gt;&lt;/td&gt;
					&lt;td align=&quot;left&quot; sdnum=&quot;1033;1033;General&quot; valign=&quot;middle&quot;&gt;&lt;font face=&quot;Arial&quot; size=&quot;2&quot;&gt;Lenovo ThinkPad Yoga 15, Intel Core i7-5500U CPU, 8GB DDR3L Ram, 256GB SSD, no ODD, 15.6” FHD (1920x1080) IPS 10-pt Touch, Intel HD graphics 5500, 4 cell, Intel 7265 AC, BT, ClickPad w/o NFC, HDMI, Win7 Pro DG W10P 64, 720p, backlit KB, 1 yr Carry-in Warranty&lt;/font&gt;&lt;/td&gt;
					&lt;td align=&quot;center&quot; sdnum=&quot;1033;1033;General&quot; sdval=&quot;9400&quot; valign=&quot;middle&quot;&gt;&lt;b&gt;&lt;font color=&quot;#FF0000&quot; face=&quot;Arial&quot; size=&quot;2&quot;&gt;9400&lt;/font&gt;&lt;/b&gt;&lt;/td&gt;
					&lt;td align=&quot;center&quot; sdnum=&quot;1033;1033;General&quot; sdval=&quot;3&quot; valign=&quot;middle&quot;&gt;&lt;b&gt;&lt;font color=&quot;#008000&quot; face=&quot;Arial&quot; size=&quot;2&quot;&gt;3&lt;/font&gt;&lt;/b&gt;&lt;/td&gt;
				&lt;/tr&gt;
				&lt;tr&gt;
					&lt;td align=&quot;left&quot; bgcolor=&quot;#D6DCE5&quot; colspan=&quot;3&quot; height=&quot;24&quot; sdnum=&quot;1033;1033;General&quot; valign=&quot;middle&quot;&gt;&lt;b&gt;&lt;font color=&quot;#FF0000&quot; face=&quot;Arial&quot; size=&quot;4&quot;&gt;ThinkPad Classic Series&lt;/font&gt;&lt;/b&gt;&lt;/td&gt;
					&lt;td align=&quot;left&quot; bgcolor=&quot;#D6DCE5&quot; colspan=&quot;3&quot; sdnum=&quot;1033;1033;General&quot; valign=&quot;middle&quot;&gt;&lt;b&gt;&lt;font color=&quot;#FF0000&quot; face=&quot;Arial&quot; size=&quot;4&quot;&gt;Option: Windows 10 Home OEM: HKD 930 / Windows 10 Pro OEM: HKD 1,200&lt;/font&gt;&lt;/b&gt;&lt;/td&gt;
				&lt;/tr&gt;
				&lt;tr&gt;
					&lt;td align=&quot;left&quot; height=&quot;68&quot; sdnum=&quot;1033;1033;General&quot; valign=&quot;middle&quot;&gt;&amp;nbsp;&lt;/td&gt;
					&lt;td align=&quot;left&quot; sdnum=&quot;1033;1033;General&quot; valign=&quot;middle&quot;&gt;&lt;font color=&quot;#000000&quot; face=&quot;Arial&quot; size=&quot;2&quot;&gt;T440p / i5&lt;/font&gt;&lt;/td&gt;
					&lt;td align=&quot;left&quot; sdnum=&quot;1033;1033;General&quot; valign=&quot;middle&quot;&gt;&lt;font face=&quot;Arial&quot; size=&quot;2&quot;&gt;20ANA0C9HH&lt;/font&gt;&lt;/td&gt;
					&lt;td align=&quot;left&quot; sdnum=&quot;1033;1033;General&quot; valign=&quot;middle&quot;&gt;&lt;font face=&quot;Arial&quot; size=&quot;2&quot;&gt;Lenovo ThinkPad T440p, Intel i7-4710MQ CPU, 8GB DDR3L-1600 Ram, 256GB SSD, DVD-RW, 14&quot; FHD (1920x1080), Nvidia Geforce GT730M w/1GB, 6 cell battery, Intel 7260 BGN, BT, FRP, VGA+Mini-DP, Win 7 Pro Preload (W8.1P Lic), 720p Webcam, Backlit KB, 3 Yr International Warranty (Free ThinkPlus Warranty Upgrade from Three Year Carry In to Three Year NBD Onsite - 5WS0G81542)&lt;/font&gt;&lt;/td&gt;
					&lt;td align=&quot;center&quot; sdnum=&quot;1033;1033;General&quot; sdval=&quot;11200&quot; valign=&quot;middle&quot;&gt;&lt;b&gt;&lt;font color=&quot;#FF0000&quot; face=&quot;Arial&quot; size=&quot;2&quot;&gt;11200&lt;/font&gt;&lt;/b&gt;&lt;/td&gt;
					&lt;td align=&quot;center&quot; sdnum=&quot;1033;1033;General&quot; sdval=&quot;1&quot; valign=&quot;middle&quot;&gt;&lt;b&gt;&lt;font color=&quot;#008000&quot; face=&quot;Arial&quot; size=&quot;2&quot;&gt;1&lt;/font&gt;&lt;/b&gt;&lt;/td&gt;
				&lt;/tr&gt;
				&lt;tr&gt;
					&lt;td align=&quot;left&quot; height=&quot;68&quot; sdnum=&quot;1033;1033;General&quot; valign=&quot;middle&quot;&gt;&amp;nbsp;&lt;/td&gt;
					&lt;td align=&quot;left&quot; sdnum=&quot;1033;1033;General&quot; valign=&quot;middle&quot;&gt;&lt;font color=&quot;#000000&quot; face=&quot;Arial&quot; size=&quot;2&quot;&gt;T450 / i3&lt;/font&gt;&lt;/td&gt;
					&lt;td align=&quot;left&quot; sdnum=&quot;1033;1033;General&quot; valign=&quot;middle&quot;&gt;&lt;font face=&quot;Arial&quot; size=&quot;2&quot;&gt;20BVA007HH&lt;/font&gt;&lt;/td&gt;
					&lt;td align=&quot;left&quot; sdnum=&quot;1033;1033;General&quot; valign=&quot;middle&quot;&gt;&lt;font face=&quot;Arial&quot; size=&quot;2&quot;&gt;Lenovo ThinkPad T450, Intel i3-5010U CPU, 4GB DDR3L-1600 Ram, 500GB 7200 HDD, no ODD, 14&quot; HD+ (1600x900), Intel HD graphics 5500, 3 cell front + 3 cell (Swappable), Intel 7265 AC, BT, FRP, VGA+Mini-DP, Win 7 Pro Preload (W8.1P Lic), 720p Webcam, Backlit KB, 3 Yr International Warranty (Free ThinkPlus Warranty Upgrade from Three Year Carry In to Three Year NBD Onsite - 5WS0G81542)&lt;/font&gt;&lt;/td&gt;
					&lt;td align=&quot;center&quot; sdnum=&quot;1033;1033;General&quot; sdval=&quot;6700&quot; valign=&quot;middle&quot;&gt;&lt;b&gt;&lt;font color=&quot;#FF0000&quot; face=&quot;Arial&quot; size=&quot;2&quot;&gt;6700&lt;/font&gt;&lt;/b&gt;&lt;/td&gt;
					&lt;td align=&quot;center&quot; sdnum=&quot;1033;1033;General&quot; sdval=&quot;9&quot; valign=&quot;middle&quot;&gt;&lt;b&gt;&lt;font color=&quot;#008000&quot; face=&quot;Arial&quot; size=&quot;2&quot;&gt;9&lt;/font&gt;&lt;/b&gt;&lt;/td&gt;
				&lt;/tr&gt;
				&lt;tr&gt;
					&lt;td align=&quot;left&quot; height=&quot;68&quot; sdnum=&quot;1033;1033;General&quot; valign=&quot;middle&quot;&gt;&amp;nbsp;&lt;/td&gt;
					&lt;td align=&quot;left&quot; sdnum=&quot;1033;1033;General&quot; valign=&quot;middle&quot;&gt;&lt;font color=&quot;#000000&quot; face=&quot;Arial&quot; size=&quot;2&quot;&gt;T450 / i5&lt;/font&gt;&lt;/td&gt;
					&lt;td align=&quot;left&quot; sdnum=&quot;1033;1033;General&quot; valign=&quot;middle&quot;&gt;&lt;font face=&quot;Arial&quot; size=&quot;2&quot;&gt;20BVA004HH&lt;/font&gt;&lt;/td&gt;
					&lt;td align=&quot;left&quot; sdnum=&quot;1033;1033;General&quot; valign=&quot;middle&quot;&gt;&lt;font face=&quot;Arial&quot; size=&quot;2&quot;&gt;Lenovo ThinkPad T450, Intel i5-5200U CPU, 4GB DDR3L-1600 Ram, 500GB 7200 HDD, no ODD, 14&quot; HD+ (1600x900), Intel HD graphics 5500, 3 cell front + 3 cell (Swappable), Intel 7265 AC, BT, FRP, VGA+Mini-DP, Win 7 Pro Preload (W8.1P Lic), 720p Webcam, Backlit KB, 3 Yr International Warranty (Free ThinkPlus Warranty Upgrade from Three Year Carry In to Three Year NBD Onsite - 5WS0G81542)&lt;/font&gt;&lt;/td&gt;
					&lt;td align=&quot;center&quot; sdnum=&quot;1033;1033;General&quot; sdval=&quot;7700&quot; valign=&quot;middle&quot;&gt;&lt;b&gt;&lt;font color=&quot;#FF0000&quot; face=&quot;Arial&quot; size=&quot;2&quot;&gt;7700&lt;/font&gt;&lt;/b&gt;&lt;/td&gt;
					&lt;td align=&quot;center&quot; sdnum=&quot;1033;1033;General&quot; sdval=&quot;2&quot; valign=&quot;middle&quot;&gt;&lt;b&gt;&lt;font color=&quot;#008000&quot; face=&quot;Arial&quot; size=&quot;2&quot;&gt;2&lt;/font&gt;&lt;/b&gt;&lt;/td&gt;
				&lt;/tr&gt;
				&lt;tr&gt;
					&lt;td align=&quot;left&quot; height=&quot;68&quot; sdnum=&quot;1033;1033;General&quot; valign=&quot;middle&quot;&gt;&amp;nbsp;&lt;/td&gt;
					&lt;td align=&quot;left&quot; sdnum=&quot;1033;1033;General&quot; valign=&quot;middle&quot;&gt;&lt;font color=&quot;#000000&quot; face=&quot;Arial&quot; size=&quot;2&quot;&gt;T450 / i7&lt;/font&gt;&lt;/td&gt;
					&lt;td align=&quot;left&quot; sdnum=&quot;1033;1033;General&quot; valign=&quot;middle&quot;&gt;&lt;font face=&quot;Arial&quot; size=&quot;2&quot;&gt;20BVA006HH&lt;/font&gt;&lt;/td&gt;
					&lt;td align=&quot;left&quot; sdnum=&quot;1033;1033;General&quot; valign=&quot;middle&quot;&gt;&lt;font face=&quot;Arial&quot; size=&quot;2&quot;&gt;Lenovo ThinkPad T450, Intel i7-5600U CPU, 8GB DDR3L-1600 Ram, 500GB 7200 HDD, no ODD, 14&quot; HD+ (1600x900), Intel HD graphics 5500, 3 cell front + 3 cell (Swappable), Intel 7265 AC, BT, FRP, VGA+Mini-DP, Win 7 Pro Preload (W8.1P Lic), 720p Webcam, Backlit KB, 3 Yr International Warranty (Free ThinkPlus Warranty Upgrade from Three Year Carry In to Three Year NBD Onsite - 5WS0G81542)&lt;/font&gt;&lt;/td&gt;
					&lt;td align=&quot;center&quot; sdnum=&quot;1033;1033;General&quot; sdval=&quot;10100&quot; valign=&quot;middle&quot;&gt;&lt;b&gt;&lt;font color=&quot;#FF0000&quot; face=&quot;Arial&quot; size=&quot;2&quot;&gt;10100&lt;/font&gt;&lt;/b&gt;&lt;/td&gt;
					&lt;td align=&quot;center&quot; sdnum=&quot;1033;1033;General&quot; sdval=&quot;3&quot; valign=&quot;middle&quot;&gt;&lt;b&gt;&lt;font color=&quot;#008000&quot; face=&quot;Arial&quot; size=&quot;2&quot;&gt;3&lt;/font&gt;&lt;/b&gt;&lt;/td&gt;
				&lt;/tr&gt;
				&lt;tr&gt;
					&lt;td align=&quot;left&quot; height=&quot;68&quot; sdnum=&quot;1033;1033;General&quot; valign=&quot;middle&quot;&gt;&amp;nbsp;&lt;/td&gt;
					&lt;td align=&quot;left&quot; sdnum=&quot;1033;1033;General&quot; valign=&quot;middle&quot;&gt;&lt;font color=&quot;#000000&quot; face=&quot;Arial&quot; size=&quot;2&quot;&gt;T450s / i5&lt;/font&gt;&lt;/td&gt;
					&lt;td align=&quot;left&quot; sdnum=&quot;1033;1033;General&quot; valign=&quot;middle&quot;&gt;&lt;font face=&quot;Arial&quot; size=&quot;2&quot;&gt;20BXA002HH&lt;/font&gt;&lt;/td&gt;
					&lt;td align=&quot;left&quot; sdnum=&quot;1033;1033;General&quot; valign=&quot;middle&quot;&gt;&lt;font face=&quot;Arial&quot; size=&quot;2&quot;&gt;Lenovo ThinkPad T450s, Intel i5-5200U CPU, 4GB DDR3L-1600 Ram, 500GB 7200 HDD, No ODD, 14&quot; HD+ (1600x900), Intel HD graphics 5500, 3 cell Int. + 3 cell Swappable, Intel 7265 AC, BT, FRP, Win 7 Pro Preload (W8.1P Lic), 720p Webcam, Backlit KB, 3 Yr International Warranty (Free ThinkPlus Warranty Upgrade from Three Year Carry In to Three Year NBD Onsite - 5WS0G81542)&lt;/font&gt;&lt;/td&gt;
					&lt;td align=&quot;center&quot; sdnum=&quot;1033;1033;General&quot; sdval=&quot;9500&quot; valign=&quot;middle&quot;&gt;&lt;b&gt;&lt;font color=&quot;#FF0000&quot; face=&quot;Arial&quot; size=&quot;2&quot;&gt;9500&lt;/font&gt;&lt;/b&gt;&lt;/td&gt;
					&lt;td align=&quot;center&quot; sdnum=&quot;1033;1033;General&quot; sdval=&quot;2&quot; valign=&quot;middle&quot;&gt;&lt;b&gt;&lt;font color=&quot;#008000&quot; face=&quot;Arial&quot; size=&quot;2&quot;&gt;2&lt;/font&gt;&lt;/b&gt;&lt;/td&gt;
				&lt;/tr&gt;
				&lt;tr&gt;
					&lt;td align=&quot;left&quot; height=&quot;68&quot; sdnum=&quot;1033;1033;General&quot; valign=&quot;middle&quot;&gt;&amp;nbsp;&lt;/td&gt;
					&lt;td align=&quot;left&quot; sdnum=&quot;1033;1033;General&quot; valign=&quot;middle&quot;&gt;&lt;font color=&quot;#000000&quot; face=&quot;Arial&quot; size=&quot;2&quot;&gt;T450s / i5&lt;/font&gt;&lt;/td&gt;
					&lt;td align=&quot;left&quot; sdnum=&quot;1033;1033;General&quot; valign=&quot;middle&quot;&gt;&lt;font face=&quot;Arial&quot; size=&quot;2&quot;&gt;20BXA003HH&lt;/font&gt;&lt;/td&gt;
					&lt;td align=&quot;left&quot; sdnum=&quot;1033;1033;General&quot; valign=&quot;middle&quot;&gt;&lt;font face=&quot;Arial&quot; size=&quot;2&quot;&gt;Lenovo ThinkPad T450s, Intel i5-5200U CPU, 4GB DDR3L-1600 Ram, 500GB 7200 HDD, No ODD, 14&quot; FHD (1920x1080), Intel HD graphics 5500, 3 cell Int. + 3 cell Swappable, Intel 7265 AC, BT, FRP, Win 7 Pro Preload (W8.1P Lic), 720p Webcam, Backlit KB, 3 Yr International Warranty (Free ThinkPlus Warranty Upgrade from Three Year Carry In to Three Year NBD Onsite - 5WS0G81542)&lt;/font&gt;&lt;/td&gt;
					&lt;td align=&quot;center&quot; sdnum=&quot;1033;1033;General&quot; sdval=&quot;9300&quot; valign=&quot;middle&quot;&gt;&lt;b&gt;&lt;font color=&quot;#FF0000&quot; face=&quot;Arial&quot; size=&quot;2&quot;&gt;9300&lt;/font&gt;&lt;/b&gt;&lt;/td&gt;
					&lt;td align=&quot;center&quot; sdnum=&quot;1033;1033;General&quot; sdval=&quot;1&quot; valign=&quot;middle&quot;&gt;&lt;b&gt;&lt;font color=&quot;#008000&quot; face=&quot;Arial&quot; size=&quot;2&quot;&gt;1&lt;/font&gt;&lt;/b&gt;&lt;/td&gt;
				&lt;/tr&gt;
				&lt;tr&gt;
					&lt;td align=&quot;left&quot; height=&quot;68&quot; sdnum=&quot;1033;1033;General&quot; valign=&quot;middle&quot;&gt;&amp;nbsp;&lt;/td&gt;
					&lt;td align=&quot;left&quot; sdnum=&quot;1033;1033;General&quot; valign=&quot;middle&quot;&gt;&lt;font color=&quot;#000000&quot; face=&quot;Arial&quot; size=&quot;2&quot;&gt;T450s / i7&lt;/font&gt;&lt;/td&gt;
					&lt;td align=&quot;left&quot; sdnum=&quot;1033;1033;General&quot; valign=&quot;middle&quot;&gt;&lt;font face=&quot;Arial&quot; size=&quot;2&quot;&gt;20BXA000HH&lt;/font&gt;&lt;/td&gt;
					&lt;td align=&quot;left&quot; sdnum=&quot;1033;1033;General&quot; valign=&quot;middle&quot;&gt;&lt;font face=&quot;Arial&quot; size=&quot;2&quot;&gt;Lenovo ThinkPad T450s, Intel i7-5600U CPU, 4GB DDR3L-1600 Ram, 500GB 7200 HDD, No ODD, 14&quot; HD+ (1600x900), Intel HD graphics 5500, 3 cell Int. + 3 cell Swappable, Intel 7265 AC, BT, FRP, Win 7 Pro Preload (W8.1P Lic), 720p Webcam, Backlit KB, 3 Yr International Warranty (Free ThinkPlus Warranty Upgrade from Three Year Carry In to Three Year NBD Onsite - 5WS0G81542)&lt;/font&gt;&lt;/td&gt;
					&lt;td align=&quot;center&quot; sdnum=&quot;1033;1033;General&quot; sdval=&quot;10660&quot; valign=&quot;middle&quot;&gt;&lt;b&gt;&lt;font color=&quot;#FF0000&quot; face=&quot;Arial&quot; size=&quot;2&quot;&gt;10660&lt;/font&gt;&lt;/b&gt;&lt;/td&gt;
					&lt;td align=&quot;center&quot; sdnum=&quot;1033;1033;General&quot; sdval=&quot;3&quot; valign=&quot;middle&quot;&gt;&lt;b&gt;&lt;font color=&quot;#008000&quot; face=&quot;Arial&quot; size=&quot;2&quot;&gt;3&lt;/font&gt;&lt;/b&gt;&lt;/td&gt;
				&lt;/tr&gt;
				&lt;tr&gt;
					&lt;td align=&quot;left&quot; bgcolor=&quot;#FFFF00&quot; colspan=&quot;6&quot; height=&quot;24&quot; sdnum=&quot;1033;1033;General&quot; valign=&quot;middle&quot;&gt;&lt;b&gt;&lt;font color=&quot;#FF0000&quot; face=&quot;Arial&quot; size=&quot;4&quot;&gt;ThinkCentre / ThinkStation Desktop Clearance&lt;/font&gt;&lt;/b&gt;&lt;/td&gt;
				&lt;/tr&gt;
				&lt;tr&gt;
					&lt;td align=&quot;left&quot; height=&quot;34&quot; sdnum=&quot;1033;1033;General&quot; valign=&quot;middle&quot;&gt;&amp;nbsp;&lt;/td&gt;
					&lt;td align=&quot;left&quot; sdnum=&quot;1033;1033;General&quot; valign=&quot;middle&quot;&gt;&lt;font color=&quot;#000000&quot; face=&quot;Arial&quot; size=&quot;2&quot;&gt;M73 / i3&lt;/font&gt;&lt;/td&gt;
					&lt;td align=&quot;left&quot; sdnum=&quot;1033;1033;General&quot; valign=&quot;middle&quot;&gt;&lt;font face=&quot;Arial&quot; size=&quot;2&quot;&gt;10B0A01RHC&lt;/font&gt;&lt;/td&gt;
					&lt;td align=&quot;left&quot; sdnum=&quot;1033;1033;General&quot; valign=&quot;middle&quot;&gt;&lt;font face=&quot;Arial&quot; size=&quot;2&quot;&gt;Lenovo ThinkCentre M73 Mini-Tower, H81, Intel Core i3-4160, 4GB DDR3 (2 DIMM), 500GB HDD, DVD, Giga, 1*VGA+1*DP, Win 7 Pro Preload (W8.1P Lic), TC USB KB + USB Mouse, 3 yrs on-site (with Serial and no Parallel Port)&lt;/font&gt;&lt;/td&gt;
					&lt;td align=&quot;center&quot; sdnum=&quot;1033;1033;General&quot; sdval=&quot;3400&quot; valign=&quot;middle&quot;&gt;&lt;b&gt;&lt;font color=&quot;#FF0000&quot; face=&quot;Arial&quot; size=&quot;2&quot;&gt;3400&lt;/font&gt;&lt;/b&gt;&lt;/td&gt;
					&lt;td align=&quot;center&quot; sdnum=&quot;1033;1033;General&quot; sdval=&quot;26&quot; valign=&quot;middle&quot;&gt;&lt;b&gt;&lt;font color=&quot;#008000&quot; face=&quot;Arial&quot; size=&quot;2&quot;&gt;26&lt;/font&gt;&lt;/b&gt;&lt;/td&gt;
				&lt;/tr&gt;
				&lt;tr&gt;
					&lt;td align=&quot;left&quot; height=&quot;34&quot; sdnum=&quot;1033;1033;General&quot; valign=&quot;middle&quot;&gt;&amp;nbsp;&lt;/td&gt;
					&lt;td align=&quot;left&quot; sdnum=&quot;1033;1033;General&quot; valign=&quot;middle&quot;&gt;&lt;font color=&quot;#000000&quot; face=&quot;Arial&quot; size=&quot;2&quot;&gt;M73 / i3&lt;/font&gt;&lt;/td&gt;
					&lt;td align=&quot;left&quot; sdnum=&quot;1033;1033;General&quot; valign=&quot;middle&quot;&gt;&lt;font face=&quot;Arial&quot; size=&quot;2&quot;&gt;10B0A01QHC&lt;/font&gt;&lt;/td&gt;
					&lt;td align=&quot;left&quot; sdnum=&quot;1033;1033;General&quot; valign=&quot;middle&quot;&gt;&lt;font face=&quot;Arial&quot; size=&quot;2&quot;&gt;Lenovo ThinkCentre M73 Mini-Tower, H81, Intel Core i3-4160, 4GB DDR3 (2 DIMM), 500GB HDD, DVD-RW, Giga, 1*VGA+1*DP, Win 7 Pro Preload (W8.1P Lic), TC USB KB + USB Mouse, 3 yrs on-site (with Serial and no Parallel Port)&lt;/font&gt;&lt;/td&gt;
					&lt;td align=&quot;center&quot; sdnum=&quot;1033;1033;General&quot; sdval=&quot;3450&quot; valign=&quot;middle&quot;&gt;&lt;b&gt;&lt;font color=&quot;#FF0000&quot; face=&quot;Arial&quot; size=&quot;2&quot;&gt;3450&lt;/font&gt;&lt;/b&gt;&lt;/td&gt;
					&lt;td align=&quot;center&quot; sdnum=&quot;1033;1033;General&quot; sdval=&quot;1&quot; valign=&quot;middle&quot;&gt;&lt;b&gt;&lt;font color=&quot;#008000&quot; face=&quot;Arial&quot; size=&quot;2&quot;&gt;1&lt;/font&gt;&lt;/b&gt;&lt;/td&gt;
				&lt;/tr&gt;
				&lt;tr&gt;
					&lt;td align=&quot;left&quot; height=&quot;34&quot; sdnum=&quot;1033;1033;General&quot; valign=&quot;middle&quot;&gt;&amp;nbsp;&lt;/td&gt;
					&lt;td align=&quot;left&quot; sdnum=&quot;1033;1033;General&quot; valign=&quot;middle&quot;&gt;&lt;font color=&quot;#000000&quot; face=&quot;Arial&quot; size=&quot;2&quot;&gt;M73 / i5&lt;/font&gt;&lt;/td&gt;
					&lt;td align=&quot;left&quot; sdnum=&quot;1033;1033;General&quot; valign=&quot;middle&quot;&gt;&lt;font face=&quot;Arial&quot; size=&quot;2&quot;&gt;10B6S00G00&lt;/font&gt;&lt;/td&gt;
					&lt;td align=&quot;left&quot; sdnum=&quot;1033;1033;General&quot; valign=&quot;middle&quot;&gt;&lt;font face=&quot;Arial&quot; size=&quot;2&quot;&gt;Lenovo ThinkCentre M73 SFF, H81, Intel Core i5-4460, 4GB DDR3 (2 DIMM), 500GB HDD, DVD-RW, Giga, 1*VGA+1*DP, Win 7 Pro Preload (W8.1P Lic), TC USB KB + USB Mouse, 3 yrs on-site (with Serial and Parallel)&lt;/font&gt;&lt;/td&gt;
					&lt;td align=&quot;center&quot; sdnum=&quot;1033;1033;General&quot; sdval=&quot;4300&quot; valign=&quot;middle&quot;&gt;&lt;b&gt;&lt;font color=&quot;#FF0000&quot; face=&quot;Arial&quot; size=&quot;2&quot;&gt;4300&lt;/font&gt;&lt;/b&gt;&lt;/td&gt;
					&lt;td align=&quot;center&quot; sdnum=&quot;1033;1033;General&quot; sdval=&quot;2&quot; valign=&quot;middle&quot;&gt;&lt;b&gt;&lt;font color=&quot;#008000&quot; face=&quot;Arial&quot; size=&quot;2&quot;&gt;2&lt;/font&gt;&lt;/b&gt;&lt;/td&gt;
				&lt;/tr&gt;
				&lt;tr&gt;
					&lt;td align=&quot;left&quot; height=&quot;34&quot; sdnum=&quot;1033;1033;General&quot; valign=&quot;middle&quot;&gt;&amp;nbsp;&lt;/td&gt;
					&lt;td align=&quot;left&quot; sdnum=&quot;1033;1033;General&quot; valign=&quot;middle&quot;&gt;&lt;font color=&quot;#000000&quot; face=&quot;Arial&quot; size=&quot;2&quot;&gt;M73 / i5&lt;/font&gt;&lt;/td&gt;
					&lt;td align=&quot;left&quot; sdnum=&quot;1033;1033;General&quot; valign=&quot;middle&quot;&gt;&lt;font face=&quot;Arial&quot; size=&quot;2&quot;&gt;10B0S00J00&lt;/font&gt;&lt;/td&gt;
					&lt;td align=&quot;left&quot; sdnum=&quot;1033;1033;General&quot; valign=&quot;middle&quot;&gt;&lt;font face=&quot;Arial&quot; size=&quot;2&quot;&gt;Lenovo ThinkCentre M73 Mini-Tower, H81, Intel Core i5-4460, 4GB DDR3 (2 DIMM), 500GB HDD, DVD-RW, Giga, 1*VGA+1*DP, Win 7 Pro Preload (W8.1P Lic), TC USB KB + USB Mouse, 3 yrs on-site (with Serial and Parallel)&lt;/font&gt;&lt;/td&gt;
					&lt;td align=&quot;center&quot; sdnum=&quot;1033;1033;General&quot; sdval=&quot;4300&quot; valign=&quot;middle&quot;&gt;&lt;b&gt;&lt;font color=&quot;#FF0000&quot; face=&quot;Arial&quot; size=&quot;2&quot;&gt;4300&lt;/font&gt;&lt;/b&gt;&lt;/td&gt;
					&lt;td align=&quot;center&quot; sdnum=&quot;1033;1033;General&quot; sdval=&quot;20&quot; valign=&quot;middle&quot;&gt;&lt;b&gt;&lt;font color=&quot;#008000&quot; face=&quot;Arial&quot; size=&quot;2&quot;&gt;20&lt;/font&gt;&lt;/b&gt;&lt;/td&gt;
				&lt;/tr&gt;
				&lt;tr&gt;
					&lt;td align=&quot;left&quot; height=&quot;34&quot; sdnum=&quot;1033;1033;General&quot; valign=&quot;middle&quot;&gt;&amp;nbsp;&lt;/td&gt;
					&lt;td align=&quot;left&quot; sdnum=&quot;1033;1033;General&quot; valign=&quot;middle&quot;&gt;&lt;font color=&quot;#000000&quot; face=&quot;Arial&quot; size=&quot;2&quot;&gt;M83 / i5&lt;/font&gt;&lt;/td&gt;
					&lt;td align=&quot;left&quot; sdnum=&quot;1033;1033;General&quot; valign=&quot;middle&quot;&gt;&lt;font face=&quot;Arial&quot; size=&quot;2&quot;&gt;10AMS00A00&lt;/font&gt;&lt;/td&gt;
					&lt;td align=&quot;left&quot; sdnum=&quot;1033;1033;General&quot; valign=&quot;middle&quot;&gt;&lt;font face=&quot;Arial&quot; size=&quot;2&quot;&gt;Lenovo ThinkCentre M83 SFF Pro, Q85, Intel Core i5-4460, 4GB DDR3 (4 DIMM), 1TB HDD, DVD, Giga, 1*VGA+2*DP, Win 7 Pro Preload (W8.1P Lic), TC USB KB + USB Mouse, 3 yrs on-site (with Serial and Parallel)&lt;/font&gt;&lt;/td&gt;
					&lt;td align=&quot;center&quot; sdnum=&quot;1033;1033;General&quot; sdval=&quot;4800&quot; valign=&quot;middle&quot;&gt;&lt;b&gt;&lt;font color=&quot;#FF0000&quot; face=&quot;Arial&quot; size=&quot;2&quot;&gt;4800&lt;/font&gt;&lt;/b&gt;&lt;/td&gt;
					&lt;td align=&quot;center&quot; sdnum=&quot;1033;1033;General&quot; sdval=&quot;7&quot; valign=&quot;middle&quot;&gt;&lt;b&gt;&lt;font color=&quot;#008000&quot; face=&quot;Arial&quot; size=&quot;2&quot;&gt;7&lt;/font&gt;&lt;/b&gt;&lt;/td&gt;
				&lt;/tr&gt;
				&lt;tr&gt;
					&lt;td align=&quot;left&quot; height=&quot;34&quot; sdnum=&quot;1033;1033;General&quot; valign=&quot;middle&quot;&gt;&amp;nbsp;&lt;/td&gt;
					&lt;td align=&quot;left&quot; sdnum=&quot;1033;1033;General&quot; valign=&quot;middle&quot;&gt;&lt;font color=&quot;#000000&quot; face=&quot;Arial&quot; size=&quot;2&quot;&gt;M83 / i5&lt;/font&gt;&lt;/td&gt;
					&lt;td align=&quot;left&quot; sdnum=&quot;1033;1033;General&quot; valign=&quot;middle&quot;&gt;&lt;font face=&quot;Arial&quot; size=&quot;2&quot;&gt;10ALS00D00&lt;/font&gt;&lt;/td&gt;
					&lt;td align=&quot;left&quot; sdnum=&quot;1033;1033;General&quot; valign=&quot;middle&quot;&gt;&lt;font face=&quot;Arial&quot; size=&quot;2&quot;&gt;Lenovo ThinkCentre M83 Mini-Tower, Q85, Intel Core i5-4460, 4GB DDR3 (4 DIMM), 1TB HDD, DVD, Giga, 1*VGA+2*DP, Win 7 Pro Preload (W8.1P Lic), TC USB KB + USB Mouse, 3 yrs on-site (with Serial and Parallel)&lt;/font&gt;&lt;/td&gt;
					&lt;td align=&quot;center&quot; sdnum=&quot;1033;1033;General&quot; sdval=&quot;4800&quot; valign=&quot;middle&quot;&gt;&lt;b&gt;&lt;font color=&quot;#FF0000&quot; face=&quot;Arial&quot; size=&quot;2&quot;&gt;4800&lt;/font&gt;&lt;/b&gt;&lt;/td&gt;
					&lt;td align=&quot;center&quot; sdnum=&quot;1033;1033;General&quot; sdval=&quot;31&quot; valign=&quot;middle&quot;&gt;&lt;b&gt;&lt;font color=&quot;#008000&quot; face=&quot;Arial&quot; size=&quot;2&quot;&gt;31&lt;/font&gt;&lt;/b&gt;&lt;/td&gt;
				&lt;/tr&gt;
				&lt;tr&gt;
					&lt;td align=&quot;left&quot; height=&quot;34&quot; sdnum=&quot;1033;1033;General&quot; valign=&quot;middle&quot;&gt;&amp;nbsp;&lt;/td&gt;
					&lt;td align=&quot;left&quot; sdnum=&quot;1033;1033;General&quot; valign=&quot;middle&quot;&gt;&lt;font color=&quot;#000000&quot; face=&quot;Arial&quot; size=&quot;2&quot;&gt;M83 / i5&lt;/font&gt;&lt;/td&gt;
					&lt;td align=&quot;left&quot; sdnum=&quot;1033;1033;General&quot; valign=&quot;middle&quot;&gt;&lt;font face=&quot;Arial&quot; size=&quot;2&quot;&gt;10ALS00E00&lt;/font&gt;&lt;/td&gt;
					&lt;td align=&quot;left&quot; sdnum=&quot;1033;1033;General&quot; valign=&quot;middle&quot;&gt;&lt;font face=&quot;Arial&quot; size=&quot;2&quot;&gt;Lenovo ThinkCentre M83 Mini-Tower, Q85, Intel Core i5-4460, 4GB DDR3 (4 DIMM), 1TB HDD, DVD-RW, Giga, 1*VGA+2*DP, Win 7 Pro Preload (W8.1P Lic), TC USB KB + USB Mouse, 3 yrs on-site (with Serial and Parallel)&lt;/font&gt;&lt;/td&gt;
					&lt;td align=&quot;center&quot; sdnum=&quot;1033;1033;General&quot; sdval=&quot;4850&quot; valign=&quot;middle&quot;&gt;&lt;b&gt;&lt;font color=&quot;#FF0000&quot; face=&quot;Arial&quot; size=&quot;2&quot;&gt;4850&lt;/font&gt;&lt;/b&gt;&lt;/td&gt;
					&lt;td align=&quot;center&quot; sdnum=&quot;1033;1033;General&quot; sdval=&quot;8&quot; valign=&quot;middle&quot;&gt;&lt;b&gt;&lt;font color=&quot;#008000&quot; face=&quot;Arial&quot; size=&quot;2&quot;&gt;8&lt;/font&gt;&lt;/b&gt;&lt;/td&gt;
				&lt;/tr&gt;
				&lt;tr&gt;
					&lt;td align=&quot;left&quot; height=&quot;51&quot; sdnum=&quot;1033;1033;General&quot; valign=&quot;middle&quot;&gt;&amp;nbsp;&lt;/td&gt;
					&lt;td align=&quot;left&quot; sdnum=&quot;1033;1033;General&quot; valign=&quot;middle&quot;&gt;&lt;font color=&quot;#000000&quot; face=&quot;Arial&quot; size=&quot;2&quot;&gt;M83 / i7&lt;/font&gt;&lt;/td&gt;
					&lt;td align=&quot;left&quot; sdnum=&quot;1033;1033;General&quot; valign=&quot;middle&quot;&gt;&lt;font face=&quot;Arial&quot; size=&quot;2&quot;&gt;10ALS00900&lt;/font&gt;&lt;/td&gt;
					&lt;td align=&quot;left&quot; sdnum=&quot;1033;1033;General&quot; valign=&quot;middle&quot;&gt;&lt;font face=&quot;Arial&quot; size=&quot;2&quot;&gt;Lenovo ThinkCentre M83 Mini-Tower, Q85, Intel Core i7-4790, 4GB DDR3 (4 DIMM), 1TB HDD, DVD-RW, Giga, 1*VGA+2*DP, Win 7 Pro Preload (W8.1P Lic), TC USB KB + USB Mouse, 3 yrs on-site (with Serial and Parallel)&lt;br /&gt;
						Add $199 to redeem a 4GB Ram (0A65729) by ordering at HKD 5,880, valid until 31 Jan 2016&lt;/font&gt;&lt;/td&gt;
					&lt;td align=&quot;center&quot; sdnum=&quot;1033;1033;General&quot; sdval=&quot;5800&quot; valign=&quot;middle&quot;&gt;&lt;b&gt;&lt;font color=&quot;#FF0000&quot; face=&quot;Arial&quot; size=&quot;2&quot;&gt;5800&lt;/font&gt;&lt;/b&gt;&lt;/td&gt;
					&lt;td align=&quot;center&quot; sdnum=&quot;1033;1033;General&quot; sdval=&quot;20&quot; valign=&quot;middle&quot;&gt;&lt;b&gt;&lt;font color=&quot;#008000&quot; face=&quot;Arial&quot; size=&quot;2&quot;&gt;20&lt;/font&gt;&lt;/b&gt;&lt;/td&gt;
				&lt;/tr&gt;
				&lt;tr&gt;
					&lt;td align=&quot;left&quot; height=&quot;68&quot; sdnum=&quot;1033;1033;General&quot; valign=&quot;middle&quot;&gt;&amp;nbsp;&lt;/td&gt;
					&lt;td align=&quot;left&quot; sdnum=&quot;1033;1033;General&quot; valign=&quot;middle&quot;&gt;&lt;font color=&quot;#000000&quot; face=&quot;Arial&quot; size=&quot;2&quot;&gt;M83 / i7&lt;/font&gt;&lt;/td&gt;
					&lt;td align=&quot;left&quot; sdnum=&quot;1033;1033;General&quot; valign=&quot;middle&quot;&gt;&lt;font face=&quot;Arial&quot; size=&quot;2&quot;&gt;10ALS00C00&lt;/font&gt;&lt;/td&gt;
					&lt;td align=&quot;left&quot; sdnum=&quot;1033;1033;General&quot; valign=&quot;middle&quot;&gt;&lt;font face=&quot;Arial&quot; size=&quot;2&quot;&gt;Lenovo ThinkCentre M83 Mini-Tower, Q85, Intel Core i7-4790, 4GB DDR3 (4 DIMM), 1TB HDD, DVD-RW, NVIDIA 620 (1GB, DP+VGA), Giga, 1*VGA+2*DP, Win 7 Pro Preload (W8.1P Lic), TC USB KB + USB Mouse, 3 yrs on-site (with Serial and Parallel)&lt;br /&gt;
						Add $199 to redeem a 4GB Ram (0A65729) by ordering at HKD 6,280, valid until 31 Jan 2016&lt;/font&gt;&lt;/td&gt;
					&lt;td align=&quot;center&quot; sdnum=&quot;1033;1033;General&quot; sdval=&quot;6200&quot; valign=&quot;middle&quot;&gt;&lt;b&gt;&lt;font color=&quot;#FF0000&quot; face=&quot;Arial&quot; size=&quot;2&quot;&gt;6200&lt;/font&gt;&lt;/b&gt;&lt;/td&gt;
					&lt;td align=&quot;center&quot; sdnum=&quot;1033;1033;General&quot; sdval=&quot;1&quot; valign=&quot;middle&quot;&gt;&lt;b&gt;&lt;font color=&quot;#008000&quot; face=&quot;Arial&quot; size=&quot;2&quot;&gt;1&lt;/font&gt;&lt;/b&gt;&lt;/td&gt;
				&lt;/tr&gt;
				&lt;tr&gt;
					&lt;td align=&quot;center&quot; height=&quot;34&quot; sdnum=&quot;1033;1033;General&quot; valign=&quot;middle&quot;&gt;&amp;nbsp;&lt;/td&gt;
					&lt;td align=&quot;left&quot; sdnum=&quot;1033;1033;General&quot; valign=&quot;middle&quot;&gt;&lt;font color=&quot;#000000&quot; face=&quot;Arial&quot; size=&quot;2&quot;&gt;M93p / i5&lt;/font&gt;&lt;/td&gt;
					&lt;td align=&quot;left&quot; sdnum=&quot;1033;1033;General&quot; valign=&quot;middle&quot;&gt;&lt;font face=&quot;Arial&quot; size=&quot;2&quot;&gt;10A9S02600&lt;/font&gt;&lt;/td&gt;
					&lt;td align=&quot;left&quot; sdnum=&quot;1033;1033;General&quot; valign=&quot;middle&quot;&gt;&lt;font face=&quot;Arial&quot; size=&quot;2&quot;&gt;Lenovo ThinkCentre M93p SFF Pro, Q87, vPro, Intel Core i5-4590, 4GB DDR3 (4 DIMM), 1TB HDD, DVD, Giga, 1*VGA+2*DP, RAID 0/1, TPM 1.2, Win 7 Pro Preload (W8.1P Lic), TC USB KB + USB Mouse, 3 yrs on-site (with Serial and Parallel)&lt;/font&gt;&lt;/td&gt;
					&lt;td align=&quot;center&quot; sdnum=&quot;1033;1033;General&quot; sdval=&quot;5150&quot; valign=&quot;middle&quot;&gt;&lt;b&gt;&lt;font color=&quot;#FF0000&quot; face=&quot;Arial&quot; size=&quot;2&quot;&gt;5150&lt;/font&gt;&lt;/b&gt;&lt;/td&gt;
					&lt;td align=&quot;center&quot; sdnum=&quot;1033;1033;General&quot; sdval=&quot;1&quot; valign=&quot;middle&quot;&gt;&lt;b&gt;&lt;font color=&quot;#008000&quot; face=&quot;Arial&quot; size=&quot;2&quot;&gt;1&lt;/font&gt;&lt;/b&gt;&lt;/td&gt;
				&lt;/tr&gt;
				&lt;tr&gt;
					&lt;td align=&quot;center&quot; height=&quot;51&quot; sdnum=&quot;1033;1033;General&quot; valign=&quot;middle&quot;&gt;&amp;nbsp;&lt;/td&gt;
					&lt;td align=&quot;left&quot; sdnum=&quot;1033;1033;General&quot; valign=&quot;middle&quot;&gt;&lt;font color=&quot;#000000&quot; face=&quot;Arial&quot; size=&quot;2&quot;&gt;M93p / i5&lt;/font&gt;&lt;/td&gt;
					&lt;td align=&quot;left&quot; sdnum=&quot;1033;1033;General&quot; valign=&quot;middle&quot;&gt;&lt;font face=&quot;Arial&quot; size=&quot;2&quot;&gt;10A9S02700&lt;/font&gt;&lt;/td&gt;
					&lt;td align=&quot;left&quot; sdnum=&quot;1033;1033;General&quot; valign=&quot;middle&quot;&gt;&lt;font face=&quot;Arial&quot; size=&quot;2&quot;&gt;Lenovo ThinkCentre M93p SFF Pro, Q87, vPro, Intel Core i5-4590, 4GB DDR3 (4 DIMM), 1TB HDD, DVDRW, Giga, 1*VGA+2*DP, RAID 0/1, TPM 1.2, Win 7 Pro Preload (W8.1P Lic), TC USB KB + USB Mouse, 3 yrs on-site (with Serial and Parallel)&lt;/font&gt;&lt;/td&gt;
					&lt;td align=&quot;center&quot; sdnum=&quot;1033;1033;General&quot; sdval=&quot;5200&quot; valign=&quot;middle&quot;&gt;&lt;b&gt;&lt;font color=&quot;#FF0000&quot; face=&quot;Arial&quot; size=&quot;2&quot;&gt;5200&lt;/font&gt;&lt;/b&gt;&lt;/td&gt;
					&lt;td align=&quot;center&quot; sdnum=&quot;1033;1033;General&quot; sdval=&quot;1&quot; valign=&quot;middle&quot;&gt;&lt;b&gt;&lt;font color=&quot;#008000&quot; face=&quot;Arial&quot; size=&quot;2&quot;&gt;1&lt;/font&gt;&lt;/b&gt;&lt;/td&gt;
				&lt;/tr&gt;
				&lt;tr&gt;
					&lt;td align=&quot;center&quot; height=&quot;51&quot; sdnum=&quot;1033;1033;General&quot; valign=&quot;middle&quot;&gt;&amp;nbsp;&lt;/td&gt;
					&lt;td align=&quot;left&quot; sdnum=&quot;1033;1033;General&quot; valign=&quot;middle&quot;&gt;&lt;font color=&quot;#000000&quot; face=&quot;Arial&quot; size=&quot;2&quot;&gt;M93p / i7&lt;/font&gt;&lt;/td&gt;
					&lt;td align=&quot;left&quot; sdnum=&quot;1033;1033;General&quot; valign=&quot;middle&quot;&gt;&lt;font face=&quot;Arial&quot; size=&quot;2&quot;&gt;10A9S01Q00&lt;/font&gt;&lt;/td&gt;
					&lt;td align=&quot;left&quot; sdnum=&quot;1033;1033;General&quot; valign=&quot;middle&quot;&gt;&lt;font face=&quot;Arial&quot; size=&quot;2&quot;&gt;Lenovo ThinkCentre M93p SFF Pro, Q87, vPro, Intel Core i7-4790, 4GB DDR3 (4 DIMM), 1TB HDD, DVDRW, Giga, 1*VGA+2*DP, RAID 0/1, TPM 1.2, Win 7 Pro Preload (W8.1P Lic), TC USB KB + USB Mouse, 3 yrs on-site (with Serial and Parallel)&lt;/font&gt;&lt;/td&gt;
					&lt;td align=&quot;center&quot; sdnum=&quot;1033;1033;General&quot; sdval=&quot;6000&quot; valign=&quot;middle&quot;&gt;&lt;b&gt;&lt;font color=&quot;#FF0000&quot; face=&quot;Arial&quot; size=&quot;2&quot;&gt;6000&lt;/font&gt;&lt;/b&gt;&lt;/td&gt;
					&lt;td align=&quot;center&quot; sdnum=&quot;1033;1033;General&quot; sdval=&quot;1&quot; valign=&quot;middle&quot;&gt;&lt;b&gt;&lt;font color=&quot;#008000&quot; face=&quot;Arial&quot; size=&quot;2&quot;&gt;1&lt;/font&gt;&lt;/b&gt;&lt;/td&gt;
				&lt;/tr&gt;
				&lt;tr&gt;
					&lt;td align=&quot;center&quot; height=&quot;51&quot; sdnum=&quot;1033;1033;General&quot; valign=&quot;middle&quot;&gt;&amp;nbsp;&lt;/td&gt;
					&lt;td align=&quot;left&quot; sdnum=&quot;1033;1033;General&quot; valign=&quot;middle&quot;&gt;&lt;font color=&quot;#000000&quot; face=&quot;Arial&quot; size=&quot;2&quot;&gt;M73z / G3250&lt;/font&gt;&lt;/td&gt;
					&lt;td align=&quot;left&quot; sdnum=&quot;1033;1033;General&quot; valign=&quot;middle&quot;&gt;&lt;font face=&quot;Arial&quot; size=&quot;2&quot;&gt;10BCA01XHC&lt;/font&gt;&lt;/td&gt;
					&lt;td align=&quot;left&quot; sdnum=&quot;1033;1033;General&quot; valign=&quot;middle&quot;&gt;&lt;font face=&quot;Arial&quot; size=&quot;2&quot;&gt;Lenovo ThinkCentre M73z 20&quot; HD+ Non-Touch AIO, H81, G3250, 4GB DDR3 (2 DIMM SO-DIMM slots), 500GB HDD, DVD-RW, Giga, Card Reader, 1*VGA, Intel 7260 Wifi, 720p Webcam, Frame Stand, Win 7 Pro Preload (W8.1P Lic), Eng USB KB + USB Mouse, 3 yrs on-site (no Serial and no Parallel)&lt;/font&gt;&lt;/td&gt;
					&lt;td align=&quot;center&quot; sdnum=&quot;1033;1033;General&quot; sdval=&quot;4599&quot; valign=&quot;middle&quot;&gt;&lt;b&gt;&lt;font color=&quot;#FF0000&quot; face=&quot;Arial&quot; size=&quot;2&quot;&gt;4599&lt;/font&gt;&lt;/b&gt;&lt;/td&gt;
					&lt;td align=&quot;center&quot; sdnum=&quot;1033;1033;General&quot; sdval=&quot;6&quot; valign=&quot;middle&quot;&gt;&lt;b&gt;&lt;font color=&quot;#008000&quot; face=&quot;Arial&quot; size=&quot;2&quot;&gt;6&lt;/font&gt;&lt;/b&gt;&lt;/td&gt;
				&lt;/tr&gt;
			&lt;/tbody&gt;
		&lt;/table&gt;
		&lt;!-- ************************************************************************** --&gt;

		&lt;p&gt;&amp;nbsp;&lt;/p&gt;

		&lt;p&gt;&amp;nbsp;&lt;/p&gt;
	&lt;/div&gt;
	&lt;/section&gt;
	&lt;script&gt;(function(d, s, id) {
  var js, fjs = d.getElementsByTagName(s)[0];
  if (d.getElementById(id)) return;
  js = d.createElement(s); js.id = id;
  js.src = &quot;//connect.facebook.net/zh_HK/sdk.js#xfbml=1&amp;version=v2.6&amp;appId=277000518982363&quot;;
  fjs.parentNode.insertBefore(js, fjs);
}(document, &#039;script&#039;, &#039;facebook-jssdk&#039;));&lt;/script&gt;&lt;!-- Bottom Section End --&gt;&lt;/div&gt;
]]></content><private><![CDATA[]]></private><author><![CDATA[sunny1312]]></author></item>
