<?xml version="1.0" encoding="UTF-8"?>
<item><pubDate>Tue, 09 Feb 2021 07:52:20 +0100</pubDate><title><![CDATA[線上平台、銷售、內部管理、保安系統]]></title><url><![CDATA[temp]]></url><meta><![CDATA[]]></meta><metad><![CDATA[]]></metad><menu><![CDATA[線上平台、銷售、內部管理、保安系統]]></menu><menuOrder><![CDATA[2]]></menuOrder><menuStatus><![CDATA[Y]]></menuStatus><template><![CDATA[template.php]]></template><parent><![CDATA[]]></parent><content><![CDATA[&lt;title&gt;&lt;/title&gt;
&lt;meta name=&quot;Keywords&quot; content=&quot;Top Network,IT Outsourcing,IT Maintenance,IT Support,IT Consultancy,IT外判,IT技術支援,IT顧問服務,IT保養服務,電腦保養&quot;&gt;&lt;meta name=&quot;description&quot; content=&quot;Top Network 專為中小企服務, 查詢熱線:34905223, 服務包括：IT Support | 電腦保養 | IT外判 | IT技術支援 | IT Maintenance | IT Outsourcing | IT Consultancy | IT顧問 | IT支援&quot;&gt;&lt;meta http-equiv=&quot;content-type&quot; content=&quot;text/html;charset=UTF-8&quot; /&gt;&lt;meta http-equiv=&quot;content-language&quot; content=&quot;ZH-hk&quot;&gt;&lt;meta name=&quot;robots&quot; content=&quot;index, follow&quot;&gt;
&lt;link href=&quot;../css/reset.css&quot; rel=&quot;stylesheet&quot; type=&quot;text/css&quot; /&gt;
&lt;link href=&quot;../css/layout.css&quot; rel=&quot;stylesheet&quot; type=&quot;text/css&quot; /&gt;
&lt;link href=&quot;../css/sudo.css&quot; rel=&quot;stylesheet&quot; type=&quot;text/css&quot; /&gt;&lt;!--&lt;link rel=&quot;stylesheet&quot; type=&quot;text/css&quot; href=&quot;../css/jqueryslidemenu.css&quot; /&gt;--&gt;
&lt;link href=&quot;../style.css&quot; rel=&quot;stylesheet&quot; type=&quot;text/css&quot; /&gt;
&lt;link href=&quot;../css/blog.css&quot; rel=&quot;stylesheet&quot; type=&quot;text/css&quot; /&gt;&lt;!-- &lt;link href=&#039;http://fonts.googleapis.com/css?family=Open+Sans:300,400,500,600,700&#039; rel=&#039;stylesheet&#039; type=&#039;text/css&#039; /&gt; --&gt;
&lt;link href=&quot;../js/fancybox/jquery.fancybox-1.3.4.css&quot; media=&quot;screen&quot; rel=&quot;stylesheet&quot; type=&quot;text/css&quot; /&gt;
&lt;link href=&quot;../css/portfolio.css&quot; rel=&quot;stylesheet&quot; type=&quot;text/css&quot; /&gt;
&lt;link href=&quot;../css/quicksand.css&quot; rel=&quot;stylesheet&quot; type=&quot;text/css&quot; /&gt;
&lt;link href=&quot;../css/skin.css&quot; rel=&quot;stylesheet&quot; type=&quot;text/css&quot; /&gt;&lt;!-- Silder --&gt;
&lt;link href=&quot;../css/swiper.min.css&quot; rel=&quot;stylesheet&quot; type=&quot;text/css&quot; /&gt;
&lt;style type=&quot;text/css&quot;&gt;.client-logo-box{
    width: 240px;
    height: 150px;
    max-width:  100%;
     display:  flex;
     align-items: center;
     justify-content:  center;
    }
&lt;/style&gt;
&lt;script type=&quot;text/javascript&quot; src=&quot;../js/jquery.min.js&quot;&gt;&lt;/script&gt;&lt;!--&lt;script type=&quot;text/javascript&quot; src=&quot;../js/jqueryslidemenu.js&quot;&gt;&lt;/script&gt;--&gt;&lt;!--&lt;script type=&quot;text/javascript&quot; src=&quot;../js/jquery.flexslider.js&quot;&gt;&lt;/script&gt;--&gt;&lt;script type=&quot;text/javascript&quot; src=&quot;../js/jquery.sudoSlider.js&quot;&gt;&lt;/script&gt;&lt;script type=&quot;text/javascript&quot; src=&quot;../js/fancybox/jquery.fancybox-1.3.4.js&quot;&gt;&lt;/script&gt;&lt;script src=&quot;../js/jquery-ui-1.10.4.js&quot;&gt;&lt;/script&gt;&lt;script type=&quot;text/javascript&quot; src=&quot;../js/custom.js&quot;&gt;&lt;/script&gt;&lt;!--&lt;script type=&quot;text/javascript&quot; src=&quot;../js/jquerymlmenu.php&quot;&gt;&lt;/script&gt;--&gt;&lt;script type=&quot;text/javascript&quot;&gt;
// FancyBox Document
jQuery(document).ready(function() {
	jQuery(&quot;a[rel=showcases1]&quot;).fancybox({
		&#039;titlePosition&#039;		: &#039;outside&#039;,
		&#039;overlayColor&#039;		: &#039;#000&#039;,
		&#039;overlayOpacity&#039;	: 0.9
	});

	jQuery(&quot;a[rel=service-img]&quot;).fancybox({
		&#039;titlePosition&#039;		: &#039;outside&#039;,
		&#039;overlayColor&#039;		: &#039;#000&#039;,
		&#039;overlayOpacity&#039;	: 0.9
	});	
	
// sudo slider Document
jQuery(document).ready(function($){	
        var sudoSlider = jQuery(&quot;#testimonail&quot;).sudoSlider({
           continuous:true,
		   auto:true,
		   pause:1
        });
});

});
&lt;/script&gt;&lt;!--[if lt IE 9]&gt;
&lt;script src=&quot;http://html5shim.googlecode.com/svn/trunk/html5.js&quot;&gt;&lt;/script&gt;
&lt;![endif]--&gt;&lt;!--[if lt IE 9]&gt;
	&lt;script src=&quot;http://css3-mediaqueries-js.googlecode.com/svn/trunk/css3-mediaqueries.js&quot;&gt;&lt;/script&gt;
&lt;![endif]--&gt;
&lt;p&gt;&lt;a class=&quot;scrollup&quot; href=&quot;#&quot; style=&quot;display: none;&quot;&gt;Scroll&lt;/a&gt;&lt;/p&gt;

&lt;div id=&quot;page_wrap&quot;&gt;&lt;!-- Header Start --&gt;&lt;script&gt;
  (function(i,s,o,g,r,a,m){i[&#039;GoogleAnalyticsObject&#039;]=r;i[r]=i[r]||function(){
  (i[r].q=i[r].q||[]).push(arguments)},i[r].l=1*new Date();a=s.createElement(o),
  m=s.getElementsByTagName(o)[0];a.async=1;a.src=g;m.parentNode.insertBefore(a,m)
  })(window,document,&#039;script&#039;,&#039;//www.google-analytics.com/analytics.js&#039;,&#039;ga&#039;);
  ga(&#039;create&#039;, &#039;UA-75945235-1&#039;, &#039;auto&#039;);
  ga(&#039;require&#039;, &#039;linkid&#039;);
  ga(&#039;require&#039;, &#039;displayfeatures&#039;);
  ga(&#039;set&#039;, &#039;&amp;uid&#039;, &#039;158.132.11.84&#039;);
  ga(&#039;send&#039;, &#039;pageview&#039;);
&lt;/script&gt;&lt;script&gt;(function(w,d,t,r,u){var f,n,i;w[u]=w[u]||[],f=function(){var o={ti:&quot;5200827&quot;};o.q=w[u],w[u]=new UET(o),w[u].push(&quot;pageLoad&quot;)},n=d.createElement(t),n.src=r,n.async=1,n.onload=n.onreadystatechange=function(){var s=this.readyState;s&amp;&amp;s!==&quot;loaded&quot;&amp;&amp;s!==&quot;complete&quot;||(f(),n.onload=n.onreadystatechange=null)},i=d.getElementsByTagName(t)[0],i.parentNode.insertBefore(n,i)})(window,document,&quot;script&quot;,&quot;//bat.bing.com/bat.js&quot;,&quot;uetq&quot;);&lt;/script&gt;&lt;noscript&gt;&lt;img src=&quot;//bat.bing.com/action/0?ti=5200827&amp;Ver=2&quot; height=&quot;0&quot; width=&quot;0&quot; style=&quot;display:none; visibility: hidden;&quot; /&gt;&lt;/noscript&gt;
	&lt;header&gt;&lt;!-- Place logo here --&gt;&lt;!-- Nav ends here --&gt;&lt;/header&gt;
	&lt;!-- Header End --&gt;&lt;!-- Sub Header Start --&gt;

	&lt;div class=&quot;sub_header&quot;&gt;
		&lt;div class=&quot;sub_header_title&quot;&gt;
			&lt;h1&gt;線上平台、銷售、內部管理、保安系統&lt;/h1&gt;
		&lt;/div&gt;
	&lt;/div&gt;

	&lt;section class=&quot;tag_line&quot; id=&quot;content&quot;&gt;
	&lt;div class=&quot;three_fourth_last content&quot;&gt;
		&lt;p&gt;&amp;nbsp;&lt;/p&gt;

		&lt;p&gt;&amp;nbsp;&lt;/p&gt;

		&lt;h3&gt;線上平台：&lt;/h3&gt;

		&lt;p&gt;&lt;img alt=&quot;&quot; src=&quot;http://localhost/testing/data/uploads/friends-shopping-shoes-online-5paknv2.jpg&quot; style=&quot;width: 600px; height: 400px;&quot; /&gt;&lt;/p&gt;

		&lt;p&gt;資訊性網站&lt;/p&gt;

		&lt;p&gt;網上商店（E-Shop）&lt;/p&gt;

		&lt;p&gt;流動應用程式（App）（擁有會員系統）&lt;/p&gt;

		&lt;h3&gt;&amp;nbsp;&lt;/h3&gt;

		&lt;h3&gt;銷售：&lt;/h3&gt;

		&lt;p&gt;&lt;img alt=&quot;&quot; src=&quot;http://localhost/testing/data/uploads/cashier-pointing-on-computer-monitor-in-clothing-s-rss2jxy.jpg&quot; style=&quot;width: 600px; height: 400px;&quot; /&gt;&lt;/p&gt;

		&lt;p&gt;電腦銷售點管理系統（POS）&lt;/p&gt;

		&lt;h3&gt;&amp;nbsp;&lt;/h3&gt;

		&lt;h3&gt;內部管理：&lt;/h3&gt;

		&lt;p&gt;&lt;img alt=&quot;&quot; src=&quot;http://localhost/testing/data/uploads/cropped-shot-of-man-reading-loan-agreement-and-bus-tgapl4l.jpg&quot; style=&quot;width: 600px; height: 400px;&quot; /&gt;&lt;/p&gt;

		&lt;p&gt;企業資源計劃系統（ERP）&lt;/p&gt;

		&lt;p&gt;會計系統&lt;/p&gt;

		&lt;p&gt;人力資源管理系統（HR）&lt;/p&gt;

		&lt;p&gt;顧客管理系統（CRM）&lt;/p&gt;

		&lt;p&gt;電子採購系統&lt;/p&gt;

		&lt;p&gt;預約安排及輪候管理系統&lt;/p&gt;

		&lt;h3&gt;&amp;nbsp;&lt;/h3&gt;

		&lt;h3&gt;保安系統：&lt;/h3&gt;

		&lt;p&gt;&lt;img alt=&quot;&quot; src=&quot;http://localhost/testing/data/uploads/man-changing-using-a-tv-remote-while-watching-cctv-erdn7le.jpg&quot; style=&quot;width: 600px; height: 400px;&quot; /&gt;&lt;/p&gt;

		&lt;p&gt;網絡安全方案（CCTV）&lt;/p&gt;

		&lt;p&gt;&amp;nbsp;&lt;/p&gt;

		&lt;p&gt;&amp;nbsp;&lt;/p&gt;

		&lt;p&gt;歡迎查詢報價，請&lt;a href=&quot;contactus&quot; style=&quot;color:#283891&quot;&gt;聯絡我們&lt;/a&gt;&lt;br /&gt;
			查詢熱線： &lt;span style=&quot;color:#283891&quot;&gt;(852) 34905223&lt;/span&gt;&lt;/p&gt;
	&lt;/div&gt;
	&lt;/section&gt;
	&lt;script&gt;(function(d, s, id) {
  var js, fjs = d.getElementsByTagName(s)[0];
  if (d.getElementById(id)) return;
  js = d.createElement(s); js.id = id;
  js.src = &quot;//connect.facebook.net/zh_HK/sdk.js#xfbml=1&amp;version=v2.6&amp;appId=277000518982363&quot;;
  fjs.parentNode.insertBefore(js, fjs);
}(document, &#039;script&#039;, &#039;facebook-jssdk&#039;));&lt;/script&gt;&lt;!-- Bottom Section End --&gt;&lt;/div&gt;
]]></content><private><![CDATA[]]></private><author><![CDATA[sunny1312]]></author></item>
