<?xml version="1.0" encoding="UTF-8"?>
<item><pubDate>Fri, 05 Feb 2021 10:21:02 +0100</pubDate><title><![CDATA[網絡工程]]></title><url><![CDATA[temp-2]]></url><meta><![CDATA[]]></meta><metad><![CDATA[]]></metad><menu><![CDATA[網絡工程]]></menu><menuOrder><![CDATA[5]]></menuOrder><menuStatus><![CDATA[Y]]></menuStatus><template><![CDATA[template.php]]></template><parent><![CDATA[]]></parent><content><![CDATA[&lt;title&gt;&lt;/title&gt;
&lt;meta name=&quot;Keywords&quot; content=&quot;辦公室網絡工程,網絡工程,Cable,Cat5e,Cat6,Cat7,Fiber,電話線,拉線,佈線,佈線工程,拉線工程,網絡拉線工程,網絡佈線工程,AMP&quot;&gt;&lt;meta name=&quot;description&quot; content=&quot;Top Network - 提供辦公室網絡工程 及 佈線工程 / 拉線工程, 為數據電纜系統的設計建立一個可靠的結構佈線系統。&quot;&gt;&lt;meta http-equiv=&quot;content-type&quot; content=&quot;text/html;charset=UTF-8&quot; /&gt;&lt;meta http-equiv=&quot;content-language&quot; content=&quot;ZH-hk&quot;&gt;&lt;meta name=&quot;robots&quot; content=&quot;index, follow&quot;&gt;
&lt;link href=&quot;../css/reset.css&quot; rel=&quot;stylesheet&quot; type=&quot;text/css&quot; /&gt;
&lt;link href=&quot;../css/layout.css&quot; rel=&quot;stylesheet&quot; type=&quot;text/css&quot; /&gt;
&lt;link href=&quot;../css/sudo.css&quot; rel=&quot;stylesheet&quot; type=&quot;text/css&quot; /&gt;&lt;!--&lt;link rel=&quot;stylesheet&quot; type=&quot;text/css&quot; href=&quot;../css/jqueryslidemenu.css&quot; /&gt;--&gt;
&lt;link href=&quot;../style.css&quot; rel=&quot;stylesheet&quot; type=&quot;text/css&quot; /&gt;
&lt;link href=&quot;../css/blog.css&quot; rel=&quot;stylesheet&quot; type=&quot;text/css&quot; /&gt;&lt;!-- &lt;link href=&#039;http://fonts.googleapis.com/css?family=Open+Sans:300,400,500,600,700&#039; rel=&#039;stylesheet&#039; type=&#039;text/css&#039; /&gt; --&gt;
&lt;link href=&quot;../js/fancybox/jquery.fancybox-1.3.4.css&quot; media=&quot;screen&quot; rel=&quot;stylesheet&quot; type=&quot;text/css&quot; /&gt;
&lt;link href=&quot;../css/portfolio.css&quot; rel=&quot;stylesheet&quot; type=&quot;text/css&quot; /&gt;
&lt;link href=&quot;../css/quicksand.css&quot; rel=&quot;stylesheet&quot; type=&quot;text/css&quot; /&gt;
&lt;link href=&quot;../css/skin.css&quot; rel=&quot;stylesheet&quot; type=&quot;text/css&quot; /&gt;&lt;!-- Silder --&gt;
&lt;link href=&quot;../css/swiper.min.css&quot; rel=&quot;stylesheet&quot; type=&quot;text/css&quot; /&gt;
&lt;style type=&quot;text/css&quot;&gt;.client-logo-box{
    width: 240px;
    height: 150px;
    max-width:  100%;
     display:  flex;
     align-items: center;
     justify-content:  center;
    }
&lt;/style&gt;
&lt;script type=&quot;text/javascript&quot; src=&quot;../js/jquery.min.js&quot;&gt;&lt;/script&gt;&lt;!--&lt;script type=&quot;text/javascript&quot; src=&quot;../js/jqueryslidemenu.js&quot;&gt;&lt;/script&gt;--&gt;&lt;!--&lt;script type=&quot;text/javascript&quot; src=&quot;../js/jquery.flexslider.js&quot;&gt;&lt;/script&gt;--&gt;&lt;script type=&quot;text/javascript&quot; src=&quot;../js/jquery.sudoSlider.js&quot;&gt;&lt;/script&gt;&lt;script type=&quot;text/javascript&quot; src=&quot;../js/fancybox/jquery.fancybox-1.3.4.js&quot;&gt;&lt;/script&gt;&lt;script src=&quot;../js/jquery-ui-1.10.4.js&quot;&gt;&lt;/script&gt;&lt;script type=&quot;text/javascript&quot; src=&quot;../js/custom.js&quot;&gt;&lt;/script&gt;&lt;!--&lt;script type=&quot;text/javascript&quot; src=&quot;../js/jquerymlmenu.php&quot;&gt;&lt;/script&gt;--&gt;&lt;script type=&quot;text/javascript&quot;&gt;
// FancyBox Document
jQuery(document).ready(function() {
	jQuery(&quot;a[rel=showcases1]&quot;).fancybox({
		&#039;titlePosition&#039;		: &#039;outside&#039;,
		&#039;overlayColor&#039;		: &#039;#000&#039;,
		&#039;overlayOpacity&#039;	: 0.9
	});

	jQuery(&quot;a[rel=service-img]&quot;).fancybox({
		&#039;titlePosition&#039;		: &#039;outside&#039;,
		&#039;overlayColor&#039;		: &#039;#000&#039;,
		&#039;overlayOpacity&#039;	: 0.9
	});	
	
// sudo slider Document
jQuery(document).ready(function($){	
        var sudoSlider = jQuery(&quot;#testimonail&quot;).sudoSlider({
           continuous:true,
		   auto:true,
		   pause:1
        });
});

});
&lt;/script&gt;&lt;!--[if lt IE 9]&gt;
&lt;script src=&quot;http://html5shim.googlecode.com/svn/trunk/html5.js&quot;&gt;&lt;/script&gt;
&lt;![endif]--&gt;&lt;!--[if lt IE 9]&gt;
	&lt;script src=&quot;http://css3-mediaqueries-js.googlecode.com/svn/trunk/css3-mediaqueries.js&quot;&gt;&lt;/script&gt;
&lt;![endif]--&gt;
&lt;p&gt;&lt;a class=&quot;scrollup&quot; href=&quot;#&quot; style=&quot;display: none;&quot;&gt;Scroll&lt;/a&gt;&lt;/p&gt;

&lt;div id=&quot;page_wrap&quot;&gt;&lt;!-- Header Start --&gt;&lt;script&gt;
  (function(i,s,o,g,r,a,m){i[&#039;GoogleAnalyticsObject&#039;]=r;i[r]=i[r]||function(){
  (i[r].q=i[r].q||[]).push(arguments)},i[r].l=1*new Date();a=s.createElement(o),
  m=s.getElementsByTagName(o)[0];a.async=1;a.src=g;m.parentNode.insertBefore(a,m)
  })(window,document,&#039;script&#039;,&#039;//www.google-analytics.com/analytics.js&#039;,&#039;ga&#039;);
  ga(&#039;create&#039;, &#039;UA-75945235-1&#039;, &#039;auto&#039;);
  ga(&#039;require&#039;, &#039;linkid&#039;);
  ga(&#039;require&#039;, &#039;displayfeatures&#039;);
  ga(&#039;set&#039;, &#039;&amp;uid&#039;, &#039;158.132.11.84&#039;);
  ga(&#039;send&#039;, &#039;pageview&#039;);
&lt;/script&gt;&lt;script&gt;(function(w,d,t,r,u){var f,n,i;w[u]=w[u]||[],f=function(){var o={ti:&quot;5200827&quot;};o.q=w[u],w[u]=new UET(o),w[u].push(&quot;pageLoad&quot;)},n=d.createElement(t),n.src=r,n.async=1,n.onload=n.onreadystatechange=function(){var s=this.readyState;s&amp;&amp;s!==&quot;loaded&quot;&amp;&amp;s!==&quot;complete&quot;||(f(),n.onload=n.onreadystatechange=null)},i=d.getElementsByTagName(t)[0],i.parentNode.insertBefore(n,i)})(window,document,&quot;script&quot;,&quot;//bat.bing.com/bat.js&quot;,&quot;uetq&quot;);&lt;/script&gt;&lt;noscript&gt;&lt;img src=&quot;//bat.bing.com/action/0?ti=5200827&amp;Ver=2&quot; height=&quot;0&quot; width=&quot;0&quot; style=&quot;display:none; visibility: hidden;&quot; /&gt;&lt;/noscript&gt;
	&lt;header&gt;&lt;!-- Place logo here --&gt;
	&lt;div class=&quot;logo&quot;&gt;&amp;nbsp;&lt;/div&gt;
	&lt;!-- Nav ends here --&gt;&lt;/header&gt;
	&lt;!-- Header End --&gt;&lt;!-- Sub Header Start --&gt;

	&lt;div class=&quot;sub_header&quot;&gt;
		&lt;div class=&quot;sub_header_title&quot;&gt;
			&lt;h1&gt;辦公室網絡工程&lt;/h1&gt;

			&lt;div class=&quot;sub_header_description&quot;&gt;Top Network 採用高質素的網絡產品，配合客戶需要，提供一站式的網絡方案，以不同形式進行設計、佈線、銷售、安裝、設定，同時給予專業建議，幫助客戶確定系統要求、軟硬件提升以及系統評估，建立有效率並穩定的電腦網絡系統。&lt;/div&gt;
		&lt;/div&gt;
	&lt;/div&gt;

	&lt;section class=&quot;tag_line&quot; id=&quot;content&quot;&gt;
	&lt;div class=&quot;three_fourth_last content&quot;&gt;
		&lt;div style=&quot;clear: both;&quot;&gt;&amp;nbsp;&lt;/div&gt;

		&lt;h3&gt;網絡鋪設&lt;/h3&gt;

		&lt;p&gt;&lt;strong&gt;有線網絡&lt;/strong&gt;是最傳統的網絡舖設方法，好處是利用網絡線傳送資料，速度由10MB至1GB不等，本公司所採用的CAT5/6 UTP Cable, Cable Management, RJ45 Jack等均為AMP出品，絕對是信心保證，在公司網絡設計上，我們更採用思科CISCO和3COM的集線器和交換器，網絡頻寬的保證及流量控制的穩定，是成為現代企業 網絡必要的原數，Top Network 更提供多種有線網絡舖設方案，歡迎查詢。&lt;/p&gt;

		&lt;p&gt;&lt;strong&gt;無線網絡&lt;/strong&gt;技術的成熟及普及，應用越來越具經濟效益 ，利用無線網絡的好處是無需因為就新連接點，從新舖設線路，隨便利用無線空間或現有電力網絡傳送資料，解決公司安排辦公室連線點的煩惱，Top Network 更提供多種無線舖設方案，歡迎查詢。&lt;/p&gt;

		&lt;p&gt;&lt;strong&gt;光纖網絡&lt;/strong&gt;是現時傳送速度最快，傳送距離最遠，傳送途中最安全的網絡傳送技術，Top Network 更提供多種光纖網絡舖設方，歡迎查詢。&lt;/p&gt;

		&lt;div style=&quot;clear: both;&quot;&gt;&amp;nbsp;&lt;/div&gt;

		&lt;h3&gt;伺服器安裝與設定&lt;/h3&gt;

		&lt;p&gt;&lt;strong&gt;檔案伺服器&lt;/strong&gt;，全公司共用檔案的中心，集中所有文件及檔案，防止因資料分散在各員工電腦，令搜索檔案複雜，更能管理檔案的保安級別，有效紀錄所有員工存取檔案時間及動作。Top Network 提供多種檔案伺服器方案，由數千至過萬元企業級選擇，歡迎查詢。&lt;/p&gt;

		&lt;p&gt;&lt;strong&gt;打印及傳真伺服器&lt;/strong&gt;，全公司分享打印及集中收發電郵的中心，集中為員工列印及傳真文件，並會集中接收傳真，更可因應不同部門，不同職位同事，設定可享有的打印機，及可觀看的傳真，更可紀錄每位員工打印文件的時間及及內容。Top Network 提供多種打印及傳真伺服器方案，由數千至過萬元企業級選擇，歡迎查詢。&lt;/p&gt;

		&lt;p&gt;&lt;strong&gt;電郵及網頁伺服器&lt;/strong&gt;，全公司的電郵集中地，更是全內部及對外通訊的中心，公司自建的電郵伺服器，可有效確保公司所有機密及重要的電郵及通訊，全部均由內部員工管理，有效紀錄所有員工存取電郵的時間及內容。新一代的電郵系統，更支援經網頁或手機、電子手掌等，收發/管理電郵，Top Network 提供多種電郵及網頁伺服器方案，由數千至過萬元企業級選擇，歡迎查詢。&lt;/p&gt;

		&lt;p&gt;&lt;strong&gt;數據庫伺服器&lt;/strong&gt;，全公司資料儲存的中心，作為資料庫伺服器，它能有效將公司的資料及有關數據，透過程式或網頁介面，讓有需要及有權讀取資料的同事取閱或更改，更令資料搜索代繁為簡，亦可有效紀錄所有員工存取資料的時間及動作。Top Network 提供多種資料庫及程式系統方案，由數千至過萬元企業級選擇，歡迎查詢。&lt;/p&gt;

		&lt;p&gt;&lt;strong&gt;VPN伺服器(虛擬私人網絡)&lt;/strong&gt;，隨著e化普及，企業分散各地的據點、上下游廠商、客戶之間的聯繫，皆須仰賴迅速的資訊傳遞與溝通，如何在資訊量暴漲的今日，即使離開辦公室，仍能持續企業的營運，已是企業在行動通訊年代的致勝關鍵。&lt;br /&gt;
			&lt;br /&gt;
			企業多少都有類似的經驗，離開辦公室之後，不論是出差到外地或到客戶端洽公，總是無法像在公司一樣可自由存取公司內部網路的資料，或隨時召開會議，若要從國外或遠端透過電話與公司內部聯繫，高額的電話費更是一筆驚人的支出。&lt;br /&gt;
			&lt;br /&gt;
			為了透過虛擬化的方式，將連線延伸至公司的中心網路，讓外出或外派的人員，能夠從任何地方自由且安全的存取公司資源，Top Network 可協助企業在 VPN 企業虛擬私有網路架構上，建構企業各項行動加值服務（語音、視訊、資安、網際網路、資料備份），讓在外員工如同完全沒有離開辦公室一樣，發揮企業強大的行動力。Top Network 提供多種虛擬私人網絡方案，由數千至過萬元企業級選擇，歡迎查詢。&lt;/p&gt;
		&lt;!-- quote-msg Start --&gt;

		&lt;p&gt;&amp;nbsp;&lt;/p&gt;

		&lt;p&gt;歡迎查詢報價，請&lt;a href=&quot;contactus&quot; style=&quot;color:#283891&quot;&gt;聯絡我們&lt;/a&gt;&lt;br /&gt;
			查詢熱線： &lt;span style=&quot;color:#283891&quot;&gt;(852) 34905223&lt;/span&gt;&lt;/p&gt;

		&lt;p&gt;&amp;nbsp;&lt;/p&gt;
	&lt;/div&gt;
	&lt;/section&gt;
	&lt;script&gt;(function(d, s, id) {
  var js, fjs = d.getElementsByTagName(s)[0];
  if (d.getElementById(id)) return;
  js = d.createElement(s); js.id = id;
  js.src = &quot;//connect.facebook.net/zh_HK/sdk.js#xfbml=1&amp;version=v2.6&amp;appId=277000518982363&quot;;
  fjs.parentNode.insertBefore(js, fjs);
}(document, &#039;script&#039;, &#039;facebook-jssdk&#039;));&lt;/script&gt;&lt;!-- Bottom Section End --&gt;&lt;/div&gt;
]]></content><private><![CDATA[]]></private><author><![CDATA[sunny1312]]></author></item>
