<?xml version="1.0" encoding="UTF-8"?>
<item><pubDate>Fri, 05 Feb 2021 10:22:54 +0100</pubDate><title><![CDATA[解決方案]]></title><url><![CDATA[temp-3]]></url><meta><![CDATA[]]></meta><metad><![CDATA[]]></metad><menu><![CDATA[解決方案]]></menu><menuOrder><![CDATA[6]]></menuOrder><menuStatus><![CDATA[Y]]></menuStatus><template><![CDATA[template.php]]></template><parent><![CDATA[]]></parent><content><![CDATA[&lt;title&gt;&lt;/title&gt;
&lt;meta name=&quot;Keywords&quot; content=&quot;電視牆拼接&quot;&gt;&lt;meta name=&quot;description&quot; content=&quot;Top Network - 設計一個醒目的大屏幕視頻牆，震撼的視覺效果，讓人們體驗到的大屏幕的樂趣，可視化及人性化的界面，操作簡單，維護方便。&quot;&gt;&lt;meta http-equiv=&quot;content-type&quot; content=&quot;text/html;charset=UTF-8&quot; /&gt;&lt;meta http-equiv=&quot;content-language&quot; content=&quot;ZH-hk&quot;&gt;&lt;meta name=&quot;robots&quot; content=&quot;index, follow&quot;&gt;
&lt;link href=&quot;../css/reset.css&quot; rel=&quot;stylesheet&quot; type=&quot;text/css&quot; /&gt;
&lt;link href=&quot;../css/layout.css&quot; rel=&quot;stylesheet&quot; type=&quot;text/css&quot; /&gt;
&lt;link href=&quot;../css/sudo.css&quot; rel=&quot;stylesheet&quot; type=&quot;text/css&quot; /&gt;&lt;!--&lt;link rel=&quot;stylesheet&quot; type=&quot;text/css&quot; href=&quot;../css/jqueryslidemenu.css&quot; /&gt;--&gt;
&lt;link href=&quot;../style.css&quot; rel=&quot;stylesheet&quot; type=&quot;text/css&quot; /&gt;
&lt;link href=&quot;../css/blog.css&quot; rel=&quot;stylesheet&quot; type=&quot;text/css&quot; /&gt;&lt;!-- &lt;link href=&#039;http://fonts.googleapis.com/css?family=Open+Sans:300,400,500,600,700&#039; rel=&#039;stylesheet&#039; type=&#039;text/css&#039; /&gt; --&gt;
&lt;link href=&quot;../js/fancybox/jquery.fancybox-1.3.4.css&quot; media=&quot;screen&quot; rel=&quot;stylesheet&quot; type=&quot;text/css&quot; /&gt;
&lt;link href=&quot;../css/portfolio.css&quot; rel=&quot;stylesheet&quot; type=&quot;text/css&quot; /&gt;
&lt;link href=&quot;../css/quicksand.css&quot; rel=&quot;stylesheet&quot; type=&quot;text/css&quot; /&gt;
&lt;link href=&quot;../css/skin.css&quot; rel=&quot;stylesheet&quot; type=&quot;text/css&quot; /&gt;&lt;!-- Silder --&gt;
&lt;link href=&quot;../css/swiper.min.css&quot; rel=&quot;stylesheet&quot; type=&quot;text/css&quot; /&gt;
&lt;style type=&quot;text/css&quot;&gt;.client-logo-box{
    width: 240px;
    height: 150px;
    max-width:  100%;
     display:  flex;
     align-items: center;
     justify-content:  center;
    }
&lt;/style&gt;
&lt;script type=&quot;text/javascript&quot; src=&quot;../js/jquery.min.js&quot;&gt;&lt;/script&gt;&lt;!--&lt;script type=&quot;text/javascript&quot; src=&quot;../js/jqueryslidemenu.js&quot;&gt;&lt;/script&gt;--&gt;&lt;!--&lt;script type=&quot;text/javascript&quot; src=&quot;../js/jquery.flexslider.js&quot;&gt;&lt;/script&gt;--&gt;&lt;script type=&quot;text/javascript&quot; src=&quot;../js/jquery.sudoSlider.js&quot;&gt;&lt;/script&gt;&lt;script type=&quot;text/javascript&quot; src=&quot;../js/fancybox/jquery.fancybox-1.3.4.js&quot;&gt;&lt;/script&gt;&lt;script src=&quot;../js/jquery-ui-1.10.4.js&quot;&gt;&lt;/script&gt;&lt;script type=&quot;text/javascript&quot; src=&quot;../js/custom.js&quot;&gt;&lt;/script&gt;&lt;!--&lt;script type=&quot;text/javascript&quot; src=&quot;../js/jquerymlmenu.php&quot;&gt;&lt;/script&gt;--&gt;&lt;script type=&quot;text/javascript&quot;&gt;
// FancyBox Document
jQuery(document).ready(function() {
	jQuery(&quot;a[rel=showcases1]&quot;).fancybox({
		&#039;titlePosition&#039;		: &#039;outside&#039;,
		&#039;overlayColor&#039;		: &#039;#000&#039;,
		&#039;overlayOpacity&#039;	: 0.9
	});

	jQuery(&quot;a[rel=service-img]&quot;).fancybox({
		&#039;titlePosition&#039;		: &#039;outside&#039;,
		&#039;overlayColor&#039;		: &#039;#000&#039;,
		&#039;overlayOpacity&#039;	: 0.9
	});	
	
// sudo slider Document
jQuery(document).ready(function($){	
        var sudoSlider = jQuery(&quot;#testimonail&quot;).sudoSlider({
           continuous:true,
		   auto:true,
		   pause:1
        });
});

});
&lt;/script&gt;&lt;!--[if lt IE 9]&gt;
&lt;script src=&quot;http://html5shim.googlecode.com/svn/trunk/html5.js&quot;&gt;&lt;/script&gt;
&lt;![endif]--&gt;&lt;!--[if lt IE 9]&gt;
	&lt;script src=&quot;http://css3-mediaqueries-js.googlecode.com/svn/trunk/css3-mediaqueries.js&quot;&gt;&lt;/script&gt;
&lt;![endif]--&gt;
&lt;p&gt;&lt;a class=&quot;scrollup&quot; href=&quot;#&quot; style=&quot;display: none;&quot;&gt;Scroll&lt;/a&gt;&lt;/p&gt;

&lt;div id=&quot;page_wrap&quot;&gt;&lt;!-- Header Start --&gt;&lt;script&gt;
  (function(i,s,o,g,r,a,m){i[&#039;GoogleAnalyticsObject&#039;]=r;i[r]=i[r]||function(){
  (i[r].q=i[r].q||[]).push(arguments)},i[r].l=1*new Date();a=s.createElement(o),
  m=s.getElementsByTagName(o)[0];a.async=1;a.src=g;m.parentNode.insertBefore(a,m)
  })(window,document,&#039;script&#039;,&#039;//www.google-analytics.com/analytics.js&#039;,&#039;ga&#039;);
  ga(&#039;create&#039;, &#039;UA-75945235-1&#039;, &#039;auto&#039;);
  ga(&#039;require&#039;, &#039;linkid&#039;);
  ga(&#039;require&#039;, &#039;displayfeatures&#039;);
  ga(&#039;set&#039;, &#039;&amp;uid&#039;, &#039;158.132.11.84&#039;);
  ga(&#039;send&#039;, &#039;pageview&#039;);
&lt;/script&gt;&lt;script&gt;(function(w,d,t,r,u){var f,n,i;w[u]=w[u]||[],f=function(){var o={ti:&quot;5200827&quot;};o.q=w[u],w[u]=new UET(o),w[u].push(&quot;pageLoad&quot;)},n=d.createElement(t),n.src=r,n.async=1,n.onload=n.onreadystatechange=function(){var s=this.readyState;s&amp;&amp;s!==&quot;loaded&quot;&amp;&amp;s!==&quot;complete&quot;||(f(),n.onload=n.onreadystatechange=null)},i=d.getElementsByTagName(t)[0],i.parentNode.insertBefore(n,i)})(window,document,&quot;script&quot;,&quot;//bat.bing.com/bat.js&quot;,&quot;uetq&quot;);&lt;/script&gt;&lt;noscript&gt;&lt;img src=&quot;//bat.bing.com/action/0?ti=5200827&amp;Ver=2&quot; height=&quot;0&quot; width=&quot;0&quot; style=&quot;display:none; visibility: hidden;&quot; /&gt;&lt;/noscript&gt;
	&lt;header&gt;&lt;!-- Place logo here --&gt;
	&lt;div class=&quot;logo&quot;&gt;&amp;nbsp;&lt;/div&gt;
	&lt;!-- Nav ends here --&gt;&lt;/header&gt;
	&lt;!-- Header End --&gt;&lt;!-- Sub Header Start --&gt;

	&lt;div class=&quot;sub_header&quot;&gt;
		&lt;div class=&quot;sub_header_title&quot;&gt;
			&lt;h1&gt;電視牆拼接&lt;/h1&gt;

			&lt;div class=&quot;sub_header_description&quot;&gt;設計一個醒目的大屏幕視頻牆。無論是用來顯示視頻，廣告，時間表，或現場活動，都可表現出一個令人驚嘆的方式來捕捉人們的關注。&lt;/div&gt;
		&lt;/div&gt;
	&lt;/div&gt;

	&lt;section class=&quot;tag_line&quot; id=&quot;content&quot;&gt;
	&lt;div class=&quot;three_fourth_last content&quot;&gt;
		&lt;p&gt;震撼的視覺效果，讓人們體驗到的大屏幕的樂趣，可視化及人性化的界面，操作簡單，維護方便。&lt;/p&gt;

		&lt;h5&gt;特點&lt;/h5&gt;
		&lt;strong&gt;超窄邊框&lt;/strong&gt;

		&lt;p&gt;超窄邊框顯示器拼接後，最窄可達0.38cm，高亮度與高色彩解析度提供絕佳的觀賞畫面。&lt;/p&gt;
		&lt;strong&gt;4K2K高畫質&lt;/strong&gt;

		&lt;p&gt;可達成拼接大畫面full HD、4K2K、超高畫質的顯示效果。&lt;/p&gt;
		&lt;strong&gt;工業級規格&lt;/strong&gt;

		&lt;p&gt;機殼可承受施工吊掛所需的機構設計，亦可依施工需求選擇前安裝/後安裝支架或彈出式掛架。&lt;/p&gt;
		&lt;strong&gt;創意拼接&lt;/strong&gt;

		&lt;p&gt;可創意排列拼接、不同尺寸組合拼接電視牆，實現您商業用途的大型螢幕需求。&lt;/p&gt;
		&lt;strong&gt;應用範圍廣泛&lt;/strong&gt;

		&lt;p&gt;Top Network 提供之拼接電視牆系統，可廣泛應用於廣告、政府機關與交通或監控領域。&lt;/p&gt;
		&lt;strong&gt;低耗能、高壽命&lt;/strong&gt;

		&lt;p&gt;其最大特色就是低耗能、高壽命以及工業等級的機殼，可承受施工吊掛所需的結構設計。&lt;/p&gt;

		&lt;div class=&quot;clear&quot;&gt;&amp;nbsp;&lt;/div&gt;

		&lt;h3&gt;一站式方案&lt;/h3&gt;

		&lt;p&gt;我們所供應地，不僅僅是顯示螢幕，而是專屬於您的最佳化方案。讓業主能無後顧之憂的專注於業務前線，無需煩惱設備的限制，完美呈現細膩震撼的視覺體驗。&lt;/p&gt;

		&lt;p&gt;歡迎各種不同行業領域的先進，來電洽詢適合您業務的最佳推廣方案。&lt;/p&gt;
		&lt;strong&gt;零售業&lt;/strong&gt;

		&lt;ul class=&quot;server-list&quot;&gt;
			&lt;li&gt;時尚產業&lt;/li&gt;
			&lt;li&gt;Show Room&lt;/li&gt;
			&lt;li&gt;商辦大樓&lt;/li&gt;
			&lt;li&gt;媒體&lt;/li&gt;
			&lt;li&gt;餐廳&lt;/li&gt;
			&lt;li&gt;補習班&lt;/li&gt;
		&lt;/ul&gt;
		&lt;br /&gt;
		&lt;strong&gt;中小型企業&lt;/strong&gt;

		&lt;ul class=&quot;server-list&quot;&gt;
			&lt;li&gt;旅館業&lt;/li&gt;
			&lt;li&gt;金融業&lt;/li&gt;
			&lt;li&gt;醫院&lt;/li&gt;
			&lt;li&gt;診所&lt;/li&gt;
			&lt;li&gt;企業&lt;/li&gt;
			&lt;li&gt;展館&lt;/li&gt;
			&lt;li&gt;娛樂業&lt;/li&gt;
		&lt;/ul&gt;
		&lt;br /&gt;
		&lt;strong&gt;大型企業&lt;/strong&gt;

		&lt;ul class=&quot;server-list&quot;&gt;
			&lt;li&gt;政府單位&lt;/li&gt;
			&lt;li&gt;機場&lt;/li&gt;
			&lt;li&gt;車站&lt;/li&gt;
			&lt;li&gt;社區&lt;/li&gt;
			&lt;li&gt;學校&lt;/li&gt;
		&lt;/ul&gt;
		&amp;nbsp;

		&lt;h3&gt;範例&lt;/h3&gt;
		&amp;nbsp;

		&lt;div class=&quot;clear&quot;&gt;&amp;nbsp;&lt;/div&gt;
		&lt;!-- quote-msg Start --&gt;

		&lt;p&gt;&amp;nbsp;&lt;/p&gt;

		&lt;p&gt;歡迎查詢報價，請&lt;a href=&quot;contactus&quot; style=&quot;color:#283891&quot;&gt;聯絡我們&lt;/a&gt;&lt;br /&gt;
			查詢熱線： &lt;span style=&quot;color:#283891&quot;&gt;(852) 34905223&lt;/span&gt;&lt;/p&gt;

		&lt;p&gt;&amp;nbsp;&lt;/p&gt;
	&lt;/div&gt;
	&lt;/section&gt;
	&lt;script&gt;(function(d, s, id) {
  var js, fjs = d.getElementsByTagName(s)[0];
  if (d.getElementById(id)) return;
  js = d.createElement(s); js.id = id;
  js.src = &quot;//connect.facebook.net/zh_HK/sdk.js#xfbml=1&amp;version=v2.6&amp;appId=277000518982363&quot;;
  fjs.parentNode.insertBefore(js, fjs);
}(document, &#039;script&#039;, &#039;facebook-jssdk&#039;));&lt;/script&gt;&lt;!-- Bottom Section End --&gt;&lt;/div&gt;
]]></content><private><![CDATA[]]></private><author><![CDATA[sunny1312]]></author></item>
