<?xml version="1.0" encoding="UTF-8"?>
<channel><item><pubDate><![CDATA[Sat, 30 Jan 2021 11:06:34 +0100]]></pubDate><title><![CDATA[歡迎！]]></title><url><![CDATA[index]]></url><meta><![CDATA[getsimple, easy, content management system]]></meta><metad><![CDATA[]]></metad><menu><![CDATA[首頁]]></menu><menuOrder><![CDATA[1]]></menuOrder><menuStatus><![CDATA[Y]]></menuStatus><template><![CDATA[index.php]]></template><parent><![CDATA[]]></parent><private><![CDATA[]]></private><author><![CDATA[sunny1312]]></author><slug><![CDATA[index]]></slug><filename><![CDATA[index.xml]]></filename></item><item><pubDate><![CDATA[Fri, 05 Feb 2021 10:14:07 +0100]]></pubDate><title><![CDATA[IT Support]]></title><url><![CDATA[it-support]]></url><meta><![CDATA[]]></meta><metad><![CDATA[]]></metad><menu><![CDATA[IT Support]]></menu><menuOrder><![CDATA[3]]></menuOrder><menuStatus><![CDATA[Y]]></menuStatus><template><![CDATA[template.php]]></template><parent><![CDATA[]]></parent><private><![CDATA[]]></private><author><![CDATA[sunny1312]]></author><slug><![CDATA[it-support]]></slug><filename><![CDATA[it-support.xml]]></filename></item><item><pubDate><![CDATA[Fri, 05 Feb 2021 10:17:39 +0100]]></pubDate><title><![CDATA[伺服器及網絡機櫃]]></title><url><![CDATA[temp-1]]></url><meta><![CDATA[]]></meta><metad><![CDATA[]]></metad><menu><![CDATA[伺服器及網絡機櫃]]></menu><menuOrder><![CDATA[4]]></menuOrder><menuStatus><![CDATA[Y]]></menuStatus><template><![CDATA[template.php]]></template><parent><![CDATA[]]></parent><private><![CDATA[]]></private><author><![CDATA[sunny1312]]></author><slug><![CDATA[temp-1]]></slug><filename><![CDATA[temp-1.xml]]></filename></item><item><pubDate><![CDATA[Fri, 05 Feb 2021 10:21:02 +0100]]></pubDate><title><![CDATA[網絡工程]]></title><url><![CDATA[temp-2]]></url><meta><![CDATA[]]></meta><metad><![CDATA[]]></metad><menu><![CDATA[網絡工程]]></menu><menuOrder><![CDATA[5]]></menuOrder><menuStatus><![CDATA[Y]]></menuStatus><template><![CDATA[template.php]]></template><parent><![CDATA[]]></parent><private><![CDATA[]]></private><author><![CDATA[sunny1312]]></author><slug><![CDATA[temp-2]]></slug><filename><![CDATA[temp-2.xml]]></filename></item><item><pubDate><![CDATA[Fri, 05 Feb 2021 10:22:54 +0100]]></pubDate><title><![CDATA[解決方案]]></title><url><![CDATA[temp-3]]></url><meta><![CDATA[]]></meta><metad><![CDATA[]]></metad><menu><![CDATA[解決方案]]></menu><menuOrder><![CDATA[6]]></menuOrder><menuStatus><![CDATA[Y]]></menuStatus><template><![CDATA[template.php]]></template><parent><![CDATA[]]></parent><private><![CDATA[]]></private><author><![CDATA[sunny1312]]></author><slug><![CDATA[temp-3]]></slug><filename><![CDATA[temp-3.xml]]></filename></item><item><pubDate><![CDATA[Fri, 05 Feb 2021 08:49:58 +0100]]></pubDate><title><![CDATA[網頁寄存]]></title><url><![CDATA[temp-4]]></url><meta><![CDATA[]]></meta><metad><![CDATA[]]></metad><menu><![CDATA[網頁寄存]]></menu><menuOrder><![CDATA[7]]></menuOrder><menuStatus><![CDATA[]]></menuStatus><template><![CDATA[template.php]]></template><parent><![CDATA[]]></parent><private><![CDATA[]]></private><author><![CDATA[sunny1312]]></author><slug><![CDATA[temp-4]]></slug><filename><![CDATA[temp-4.xml]]></filename></item><item><pubDate><![CDATA[Fri, 05 Feb 2021 10:18:45 +0100]]></pubDate><title><![CDATA[本月優惠]]></title><url><![CDATA[temp-5]]></url><meta><![CDATA[]]></meta><metad><![CDATA[]]></metad><menu><![CDATA[本月優惠]]></menu><menuOrder><![CDATA[8]]></menuOrder><menuStatus><![CDATA[Y]]></menuStatus><template><![CDATA[template.php]]></template><parent><![CDATA[]]></parent><private><![CDATA[]]></private><author><![CDATA[sunny1312]]></author><slug><![CDATA[temp-5]]></slug><filename><![CDATA[temp-5.xml]]></filename></item><item><pubDate><![CDATA[Tue, 09 Feb 2021 07:52:20 +0100]]></pubDate><title><![CDATA[線上平台、銷售、內部管理、保安系統]]></title><url><![CDATA[temp]]></url><meta><![CDATA[]]></meta><metad><![CDATA[]]></metad><menu><![CDATA[線上平台、銷售、內部管理、保安系統]]></menu><menuOrder><![CDATA[2]]></menuOrder><menuStatus><![CDATA[Y]]></menuStatus><template><![CDATA[template.php]]></template><parent><![CDATA[]]></parent><private><![CDATA[]]></private><author><![CDATA[sunny1312]]></author><slug><![CDATA[temp]]></slug><filename><![CDATA[temp.xml]]></filename></item></channel>
